MANDT;PERNR;SUBTY;OBJPS;SPRPS;ENDDA;BEGDA;SEQNR;AEDTM;UNAME;HISTO;ITXEX;REFEX;ORDEX;ITBLD;PREAS;FLAG1;FLAG2;FLAG3;FLAG4;RESE1;RESE2;GRPVL;SPC;SPCTEXT;SPCSTATUS;VALIDFROM;VALIDTO
10;80100021;M;;;14.11.2007;02.01.2000;0;20.10.2004;HRIS;;;;;;;;;;;;;;BDB;Komatsu Big Bulldozer;ACT;02.01.2000;14.11.2007
10;80100021;M;;;31.12.2009;02.01.2000;2;20.10.2004;HRIS;;;;;;;;;;;;;;PCB;Komatsu Big Excavator;ACT;02.01.2000;31.12.2009
10;80100021;M;;;31.12.9999;02.01.2000;1;20.10.2004;HRIS;;;;;;;;;;;;;;HD;Komatsu Dump Truck;ACT;02.01.2000;28.02.2010
10;80100021;M;;;31.12.9999;14.02.2000;0;27.09.2005;HRIS;;;;;;;;;;;;;;NMS;Non Machine Specialization;ACT;14.02.2000;28.02.2010
10;80100021;M;;;31.12.9999;02.01.2006;0;02.08.2006;HRIS;;;;;;;;;;;;;;SBD;Komatsu Super Big Digger;ACT;02.01.2006;28.02.2010
10;80100021;M;;;31.12.9999;15.11.2007;0;15.11.2007;HRDHEAD;;;;;;;;;;;;;;BDB;Komatsu Big Bulldozer;NON;15.11.2007;31.12.9999
10;80100021;M;;;31.12.9999;01.01.2008;0;15.11.2007;HRDHEAD;;;;;;;;;;;;;;HPM;Komatsu Mechanical Haulpak;ACT;01.01.2008;28.02.2010
10;80100021;M;;;31.12.9999;01.01.2010;0;17.02.2010;HRDHEAD;;;;;;;;;;;;;;PCB;Komatsu Big Excavator;NON;01.01.2010;31.12.9999
10;80100021;M;;;31.12.9999;01.01.2010;1;17.02.2010;HRDHEAD;;;;;;;;;;;;;;SCN;Scania;ACT;01.01.2010;28.02.2010
10;80100021;M;;;31.12.9999;12.11.2015;0;12.11.2015;HRIS;;;;;;;;;;;;;;HD;Komatsu Dump Truck;NON;01.03.2010;31.12.9999
10;80100021;M;;;31.12.9999;12.11.2015;1;12.11.2015;HRIS;;;;;;;;;;;;;;HPM;Komatsu Mechanical Haulpak;NON;01.03.2010;31.12.9999
10;80100021;M;;;31.12.9999;12.11.2015;2;12.11.2015;HRIS;;;;;;;;;;;;;;NMS;Non Machine Specialization;NON;01.03.2010;31.12.9999
10;80100021;M;;;31.12.9999;12.11.2015;3;12.11.2015;HRIS;;;;;;;;;;;;;;SBD;Komatsu Super Big Digger;NON;01.03.2010;31.12.9999
10;80100021;M;;;31.12.9999;12.11.2015;4;12.11.2015;HRIS;;;;;;;;;;;;;;SCN;Scania;NON;01.03.2010;31.12.9999
10;80100021;S;;;31.12.9999;12.11.2015;0;12.11.2015;HRIS;;;;;;;;;;;;;;HD;KOMATSU DUMP TRUCK;ACT;01.03.2010;31.12.9999
10;80100021;S;;;31.12.9999;12.11.2015;1;12.11.2015;HRIS;;;;;;;;;;;;;;HPM;MECHANICAL DUMP TRUCK (AMERICAN PRODUCT);ACT;01.03.2010;31.12.9999
10;80100021;S;;;31.12.9999;12.11.2015;2;12.11.2015;HRIS;;;;;;;;;;;;;;NMS;NON MACHINE SYSTEM;ACT;01.03.2010;31.12.9999
10;80100021;S;;;31.12.9999;12.11.2015;3;12.11.2015;HRIS;;;;;;;;;;;;;;SBD;SUPER BIG DIGGER (KMG PRODUCT);ACT;01.03.2010;31.12.9999
10;80100021;S;;;31.12.9999;12.11.2015;4;12.11.2015;HRIS;;;;;;;;;;;;;;SCN;SCANIA;ACT;01.03.2010;31.12.9999
10;80101012;M;;;31.12.2005;02.01.2000;2;20.10.2004;HRIS;;;;;;;;;;;;;;KWT;Kenworth;ACT;02.01.2000;31.12.2005
10;80101012;M;;;31.12.9999;02.01.2000;0;20.10.2004;HRIS;;;;;;;;;;;;;;NMS;Non Machine Specialization;ACT;02.01.2000;31.12.9999
10;80101012;M;;;31.12.9999;02.01.2000;1;20.10.2004;HRIS;;;;;;;;;;;;;;HD;Komatsu Dump Truck;ACT;02.01.2000;31.12.9999
10;80101012;M;;;31.12.9999;02.01.2000;3;20.10.2004;HRIS;;;;;;;;;;;;;;PCB;Komatsu Big Excavator;ACT;02.01.2000;31.12.9999
10;80101012;M;;;31.12.9999;01.01.2006;0;20.07.2006;HRDHEAD;;;;;;;;;;;;;;KWT;Kenworth;NON;01.01.2006;31.12.9999
10;80101012;M;;;31.12.9999;02.01.2006;0;02.08.2006;HRIS;;;;;;;;;;;;;;SCN;Scania;ACT;02.01.2006;31.12.9999
10;80101012;M;;;31.12.9999;01.01.2010;0;19.11.2009;HRDHEAD;;;;;;;;;;;;;;PCS;Komatsu Small Excavator;ACT;01.01.2010;31.12.9999
10;80101013;M;;;31.12.2012;01.01.2005;0;19.04.2005;HRIS;;;;;;;;;;;;;;EG;Komatsu Generator Set;ACT;01.01.2005;31.12.2012
10;80101013;M;;;31.12.9999;02.01.2000;0;20.10.2004;HRIS;;;;;;;;;;;;;;NMS;Non Machine Specialization;ACT;02.01.2000;31.12.9999
10;80101013;M;;;31.12.9999;02.01.2000;1;20.10.2004;HRIS;;;;;;;;;;;;;;BDS;Komatsu Small Bulldozer;ACT;02.01.2000;31.12.9999
10;80101013;M;;;31.12.9999;02.01.2000;2;20.10.2004;HRIS;;;;;;;;;;;;;;PCS;Komatsu Small Excavator;ACT;02.01.2000;31.12.9999
10;80101013;M;;;31.12.9999;02.01.2000;3;20.10.2004;HRIS;;;;;;;;;;;;;;WAS;Komatsu Small Wheel Loader;ACT;02.01.2000;30.12.2017
10;80101013;M;;;31.12.9999;01.01.2013;0;31.10.2013;HRDHEAD;;;;;;;;;;;;;;EG;Komatsu Generator Set;NON;01.01.2013;31.12.9999
10;80101013;M;;;31.12.9999;01.01.2015;0;04.12.2015;HRDHEAD;;;;;;;;;;;;;;NIS;Nissan;NON;01.01.2013;31.12.9999
10;80101013;M;;;31.12.9999;01.01.2015;1;04.12.2015;HRDHEAD;;;;;;;;;;;;;;UDT;UD Truck;ACT;01.01.2015;31.12.9999
10;80101013;M;;;31.12.9999;02.01.2018;0;16.11.2017;SVC_SPMDADM1;;;;;;;;;;;;;;WAS;Komatsu Small Wheel Loader;NON;31.12.2017;01.01.2018
10;80101013;M;;;31.12.9999;02.01.2018;1;16.11.2017;SVC_SPMDADM1;;;;;;;;;;;;;;SCN;Scania;ACT;02.01.2018;31.12.9999
10;80102042;M;;;31.12.9999;02.01.2000;0;20.10.2004;HRIS;;;;;;;;;;;;;;NMS;Non Machine Specialization;ACT;02.01.2000;31.12.9999
10;80102042;M;;;31.12.9999;02.01.2000;1;06.04.2016;HRDHEAD;;;;;;;;;;;;;;HPE;Komatsu Electrical Haulpak;ACT;02.01.2000;08.01.2018
10;80102042;M;;;31.12.9999;02.01.2000;2;20.10.2004;HRIS;;;;;;;;;;;;;;HD;Komatsu Dump Truck;ACT;02.01.2000;31.12.9999
10;80102042;M;;;31.12.9999;02.01.2000;3;06.12.2016;CST_STAF6;;;;;;;;;;;;;;WAB;Komatsu Big Wheel Loader;ACT;02.01.2000;31.12.9999
10;80102042;M;;;31.12.9999;01.01.2015;0;06.12.2016;CST_STAF6;;;;;;;;;;;;;;BDB;Komatsu Big Bulldozer;ACT;01.01.2015;31.12.2015
10;80102042;M;;;31.12.9999;01.01.2015;2;07.12.2015;HRDHEAD;;;;;;;;;;;;;;BDS;Komatsu Small Bulldozer;ACT;01.01.2015;31.12.9999
10;80102042;M;;;31.12.9999;01.01.2016;0;06.12.2016;CST_STAF6;;;;;;;;;;;;;;BDB;Komatsu Big Bulldozer;NON;01.01.2016;31.12.9999
10;80102042;M;;;31.12.9999;01.01.2018;0;09.01.2018;SVC_SPMD1;;;;;;;;;;;;;;PCS;Komatsu Small Excavator;ACT;01.01.2018;31.12.9999
10;80102042;M;;;31.12.9999;09.01.2018;0;09.01.2018;SVC_SPMD1;;;;;;;;;;;;;;HPE;Komatsu Electrical Haulpak;NON;09.01.2018;31.12.9999
10;80102069;M;;;31.12.2005;02.01.2000;2;20.10.2004;HRIS;;;;;;;;;;;;;;HPM;Komatsu Mechanical Haulpak;ACT;02.01.2000;31.12.2005
10;80102069;M;;;31.12.9999;02.01.2000;0;20.10.2004;HRIS;;;;;;;;;;;;;;NMS;Non Machine Specialization;ACT;02.01.2000;31.12.9999
10;80102069;M;;;31.12.9999;02.01.2000;1;20.10.2004;HRIS;;;;;;;;;;;;;;BDB;Komatsu Big Bulldozer;ACT;02.01.2000;31.12.9999
10;80102069;M;;;31.12.9999;02.01.2000;3;20.10.2004;HRIS;;;;;;;;;;;;;;PCS;Komatsu Small Excavator;ACT;02.01.2000;31.12.9999
10;80102069;M;;;31.12.9999;01.01.2006;0;20.07.2006;HRDHEAD;;;;;;;;;;;;;;HPM;Komatsu Mechanical Haulpak;NON;01.01.2006;31.12.9999
10;80102069;M;;;31.12.9999;02.01.2006;0;02.08.2006;HRIS;;;;;;;;;;;;;;SCN;Scania;ACT;02.01.2006;31.12.9999
10;80102069;M;;;31.12.9999;01.01.2011;0;15.11.2010;HRDHEAD;;;;;;;;;;;;;;WAS;Komatsu Small Wheel Loader;ACT;01.01.2011;31.12.9999
10;80102071;M;;;31.12.9999;02.01.2000;0;20.10.2004;HRIS;;;;;;;;;;;;;;NMS;Non Machine Specialization;ACT;02.01.2000;31.12.9999
10;80102071;M;;;31.12.9999;02.01.2000;1;20.10.2004;HRIS;;;;;;;;;;;;;;BDS;Komatsu Small Bulldozer;ACT;02.01.2000;31.12.9999
10;80102071;M;;;31.12.9999;02.01.2000;2;20.10.2004;HRIS;;;;;;;;;;;;;;BW;Bomag;ACT;02.01.2000;31.12.9999
10;80102071;M;;;31.12.9999;02.01.2000;3;20.10.2004;HRIS;;;;;;;;;;;;;;PCS;Komatsu Small Excavator;ACT;02.01.2000;31.12.9999
10;80102071;M;;;31.12.9999;01.01.2010;0;16.01.2016;HRDHEAD;;;;;;;;;;;;;;EG;Komatsu Generator Set;NON;01.01.2010;31.12.9999
10;80102071;M;;;31.12.9999;01.01.2016;0;16.01.2016;HRDHEAD;;;;;;;;;;;;;;GDS;Komatsu Small Grader;ACT;01.01.2016;31.12.9999
10;80105064;M;;;31.12.2010;01.01.2009;0;24.02.2009;HRDHEAD;;;;;;;;;;;;;;HPE;Komatsu Electrical Haulpak;ACT;01.01.2009;31.12.2010
10;80105064;M;;;31.12.2012;01.01.2005;2;19.04.2005;HRIS;;;;;;;;;;;;;;PCB;Komatsu Big Excavator;ACT;01.01.2005;31.12.2012
10;80105064;M;;;31.12.9999;01.01.2005;0;30.12.2016;SVC_SPMDADM1;;;;;;;;;;;;;;HD;Komatsu Dump Truck;ACT;01.01.2005;31.12.2015
10;80105064;M;;;31.12.9999;01.01.2005;1;30.12.2016;SVC_SPMDADM1;;;;;;;;;;;;;;BDB;Komatsu Big Bulldozer;ACT;01.01.2005;31.12.2015
10;80105064;M;;;31.12.9999;02.01.2006;0;02.08.2006;HRIS;;;;;;;;;;;;;;NMS;Non Machine Specialization;ACT;02.01.2006;31.12.9999
10;80105064;M;;;31.12.9999;01.01.2011;0;28.10.2011;HRDHEAD;;;;;;;;;;;;;;HPE;Komatsu Electrical Haulpak;NON;01.01.2011;31.12.9999
10;80105064;M;;;31.12.9999;01.01.2011;1;30.12.2016;SVC_SPMDADM1;;;;;;;;;;;;;;PCS;Komatsu Small Excavator;ACT;01.01.2011;31.12.9999
10;80105064;M;;;31.12.9999;01.01.2013;0;01.11.2013;HRDHEAD;;;;;;;;;;;;;;PCB;Komatsu Big Excavator;NON;01.01.2013;31.12.9999
10;80105064;M;;;31.12.9999;01.01.2013;1;01.11.2013;HRDHEAD;;;;;;;;;;;;;;BDS;Komatsu Small Bulldozer;ACT;01.01.2013;31.12.9999
10;80105064;M;;;31.12.9999;01.01.2016;0;30.12.2016;SVC_SPMDADM1;;;;;;;;;;;;;;HD;Komatsu Dump Truck;NON;01.01.2016;31.12.9999
10;80105064;M;;;31.12.9999;01.01.2016;1;25.10.2017;SVC_SPMD1;;;;;;;;;;;;;;BDB;Komatsu Big Bulldozer;ACT;01.01.2016;31.12.2017
10;80105064;M;;;31.12.9999;01.01.2016;3;02.11.2016;SVC_SPMDADM1;;;;;;;;;;;;;;SCN;Scania;ACT;02.11.2016;31.12.9999
10;80105064;M;;;31.12.9999;01.01.2017;0;25.10.2017;SVC_SPMD1;;;;;;;;;;;;;;UDT;UD Truck;ACT;01.01.2017;31.12.9999
10;80105064;M;;;31.12.9999;01.01.2018;0;25.10.2017;SVC_SPMD1;;;;;;;;;;;;;;BDB;Komatsu Big Bulldozer;NON;01.01.2018;31.12.9999
10;80105080;M;;;31.12.2005;01.01.2005;2;19.04.2005;HRIS;;;;;;;;;;;;;;PCB;Komatsu Big Excavator;ACT;01.01.2005;31.12.2005
10;80105080;M;;;31.12.2006;01.01.2005;1;19.04.2005;HRIS;;;;;;;;;;;;;;HPE;Komatsu Electrical Haulpak;ACT;01.01.2005;31.12.2006
10;80105080;M;;;31.12.2007;01.01.2006;0;20.07.2006;HRDHEAD;;;;;;;;;;;;;;PCB;Komatsu Big Excavator;NON;01.01.2006;31.12.2007
10;80105080;M;;;31.12.2012;01.01.2006;1;29.01.2007;HRDHEAD;;;;;;;;;;;;;;HPM;Komatsu Mechanical Haulpak;ACT;01.01.2006;31.12.2012
10;80105080;M;;;31.12.9999;01.01.2005;0;06.12.2016;CST_STAF6;;;;;;;;;;;;;;HD;Komatsu Dump Truck;ACT;01.01.2005;31.12.9999
10;80105080;M;;;31.12.9999;02.01.2006;1;02.08.2006;HRIS;;;;;;;;;;;;;;NMS;Non Machine Specialization;ACT;02.01.2006;31.12.9999
10;80105080;M;;;31.12.9999;01.01.2007;0;29.01.2007;HRDHEAD;;;;;;;;;;;;;;HPE;Komatsu Electrical Haulpak;NON;01.01.2007;31.12.9999
10;80105080;M;;;31.12.9999;01.01.2008;0;06.12.2016;CST_STAF6;;;;;;;;;;;;;;PCB;Komatsu Big Excavator;ACT;01.01.2008;31.12.2015
10;80105080;M;;;31.12.9999;01.01.2013;0;31.10.2013;HRDHEAD;;;;;;;;;;;;;;HPM;Komatsu Mechanical Haulpak;NON;01.01.2013;31.12.9999
10;80105080;M;;;31.12.9999;01.01.2013;1;31.10.2013;HRDHEAD;;;;;;;;;;;;;;PCS;Komatsu Small Excavator;ACT;01.01.2013;31.12.9999
10;80105080;M;;;31.12.9999;01.01.2013;2;06.12.2016;CST_STAF6;;;;;;;;;;;;;;SBD;Komatsu Super Big Digger;NON;01.01.2013;31.12.9999
10;80105080;M;;;31.12.9999;01.01.2013;3;31.10.2013;HRDHEAD;;;;;;;;;;;;;;BW;Bomag;ACT;01.01.2013;31.12.9999
10;80105080;M;;;31.12.9999;01.01.2016;0;06.12.2016;CST_STAF6;;;;;;;;;;;;;;PCB;Komatsu Big Excavator;NON;01.01.2016;31.12.9999
10;80105080;M;;;31.12.9999;01.01.2016;1;02.11.2016;SVC_SPMDADM1;;;;;;;;;;;;;;WAS;Komatsu Small Wheel Loader;ACT;02.11.2016;31.12.9999
10;80105091;M;;;31.12.2011;01.01.2009;0;24.02.2009;HRDHEAD;;;;;;;;;;;;;;HPM;Komatsu Mechanical Haulpak;ACT;01.01.2009;31.12.2011
10;80105091;M;;;31.12.9999;02.01.2006;0;06.12.2016;CST_STAF6;;;;;;;;;;;;;;SCN;Scania;ACT;02.01.2006;31.12.9999
10;80105091;M;;;31.12.9999;02.01.2006;1;06.12.2016;CST_STAF6;;;;;;;;;;;;;;PCB;Komatsu Big Excavator;ACT;02.01.2006;31.12.2015
10;80105091;M;;;31.12.9999;02.01.2006;2;02.08.2006;HRIS;;;;;;;;;;;;;;HD;Komatsu Dump Truck;ACT;02.01.2006;31.12.9999
10;80105091;M;;;31.12.9999;02.01.2006;3;02.08.2006;HRIS;;;;;;;;;;;;;;NMS;Non Machine Specialization;ACT;02.01.2006;31.12.9999
10;80105091;M;;;31.12.9999;01.01.2012;0;02.01.2013;HRDHEAD;;;;;;;;;;;;;;HPM;Komatsu Mechanical Haulpak;NON;01.01.2012;31.12.9999
10;80105091;M;;;31.12.9999;02.01.2012;0;02.01.2013;HRDHEAD;;;;;;;;;;;;;;PCS;Komatsu Small Excavator;ACT;02.01.2012;31.12.9999
10;80105091;M;;;31.12.9999;01.01.2016;0;06.12.2016;CST_STAF6;;;;;;;;;;;;;;PCB;Komatsu Big Excavator;NON;01.01.2016;31.12.9999
10;80105091;M;;;31.12.9999;01.01.2016;1;08.11.2016;SVC_SPMDADM1;;;;;;;;;;;;;;UDT;UD Truck;ACT;08.11.2016;31.12.9999
10;80105102;M;;;31.12.2010;02.01.2006;2;02.08.2006;HRIS;;;;;;;;;;;;;;HD;Komatsu Dump Truck;ACT;02.01.2006;31.12.2010
10;80105102;M;;;31.12.9999;02.01.2006;0;02.08.2006;HRIS;;;;;;;;;;;;;;BDS;Komatsu Small Bulldozer;ACT;02.01.2006;31.12.9999
10;80105102;M;;;31.12.9999;02.01.2006;1;06.12.2016;CST_STAF6;;;;;;;;;;;;;;PCS;Komatsu Small Excavator;ACT;02.01.2006;31.12.9999
10;80105102;M;;;31.12.9999;02.01.2006;3;02.08.2006;HRIS;;;;;;;;;;;;;;NMS;Non Machine Specialization;ACT;02.01.2006;31.12.9999
10;80105102;M;;;31.12.9999;01.01.2007;0;06.12.2016;CST_STAF6;;;;;;;;;;;;;;WAS;Komatsu Small Wheel Loader;ACT;01.01.2007;31.12.2015
10;80105102;M;;;31.12.9999;01.01.2011;0;17.02.2011;HRDHEAD;;;;;;;;;;;;;;HD;Komatsu Dump Truck;NON;01.01.2011;31.12.9999
10;80105102;M;;;31.12.9999;01.01.2011;1;06.12.2016;CST_STAF6;;;;;;;;;;;;;;GDS;Komatsu Small Grader;ACT;01.01.2011;31.12.2015
10;80105102;M;;;31.12.9999;01.01.2015;1;07.12.2015;HRDHEAD;;;;;;;;;;;;;;SCN;Scania;ACT;01.01.2015;31.12.9999
10;80105102;M;;;31.12.9999;01.01.2016;0;06.12.2016;CST_STAF6;;;;;;;;;;;;;;GDS;Komatsu Small Grader;NON;01.01.2016;31.12.9999
10;80105102;M;;;31.12.9999;01.01.2016;1;06.12.2016;CST_STAF6;;;;;;;;;;;;;;WAS;Komatsu Small Wheel Loader;NON;01.01.2016;31.12.9999
10;80105141;M;;;13.11.2007;02.01.2006;2;02.08.2006;HRIS;;;;;;;;;;;;;;PCB;Komatsu Big Excavator;ACT;02.01.2006;13.11.2007
10;80105141;M;;;31.12.9999;02.01.2006;0;02.08.2006;HRIS;;;;;;;;;;;;;;HD;Komatsu Dump Truck;ACT;02.01.2006;31.12.9999
10;80105141;M;;;31.12.9999;02.01.2006;1;02.08.2006;HRIS;;;;;;;;;;;;;;HPE;Komatsu Electrical Haulpak;ACT;02.01.2006;31.12.9999
10;80105141;M;;;31.12.9999;02.01.2006;3;02.08.2006;HRIS;;;;;;;;;;;;;;NMS;Non Machine Specialization;ACT;02.01.2006;31.12.9999
10;80105141;M;;;31.12.9999;01.01.2007;0;29.01.2007;HRDHEAD;;;;;;;;;;;;;;SBD;Komatsu Super Big Digger;ACT;01.01.2007;31.12.9999
10;80105141;M;;;31.12.9999;14.11.2007;0;15.11.2007;HRDHEAD;;;;;;;;;;;;;;PCB;Komatsu Big Excavator;NON;14.11.2007;31.12.9999
10;80105141;M;;;31.12.9999;01.01.2008;0;15.11.2007;HRDHEAD;;;;;;;;;;;;;;HPM;Komatsu Mechanical Haulpak;ACT;01.01.2008;31.12.9999
10;80105143;M;;;31.12.2008;02.01.2006;1;02.08.2006;HRIS;;;;;;;;;;;;;;PCB;Komatsu Big Excavator;ACT;02.01.2006;31.12.2008
10;80105143;M;;;31.12.9999;02.01.2006;0;02.08.2006;HRIS;;;;;;;;;;;;;;HD;Komatsu Dump Truck;ACT;02.01.2006;30.11.2018
10;80105143;M;;;31.12.9999;02.01.2006;1;06.12.2016;CST_STAF6;;;;;;;;;;;;;;SBD;Komatsu Super Big Digger;ACT;02.01.2006;31.12.2015
10;80105143;M;;;31.12.9999;02.01.2006;2;06.12.2016;CST_STAF6;;;;;;;;;;;;;;HPE;Komatsu Electrical Haulpak;ACT;02.01.2006;31.12.2015
10;80105143;M;;;31.12.9999;02.01.2006;4;02.08.2006;HRIS;;;;;;;;;;;;;;NMS;Non Machine Specialization;ACT;02.01.2006;31.12.9999
10;80105143;M;;;31.12.9999;01.01.2009;0;19.02.2009;HRDHEAD;;;;;;;;;;;;;;PCB;Komatsu Big Excavator;NON;01.01.2009;31.12.9999
10;80105143;M;;;31.12.9999;01.01.2009;1;24.02.2009;HRDHEAD;;;;;;;;;;;;;;HPM;Komatsu Mechanical Haulpak;ACT;01.01.2009;31.12.9999
10;80105143;M;;;31.12.9999;01.01.2016;0;06.12.2016;CST_STAF6;;;;;;;;;;;;;;SBD;Komatsu Super Big Digger;NON;01.01.2016;31.12.9999
10;80105143;M;;;31.12.9999;01.01.2016;1;03.11.2016;SVC_SPMDADM1;;;;;;;;;;;;;;PCS;Komatsu Small Excavator;ACT;03.11.2016;31.12.9999
10;80105143;M;;;31.12.9999;01.01.2016;2;06.12.2016;CST_STAF6;;;;;;;;;;;;;;HPE;Komatsu Electrical Haulpak;NON;01.01.2016;31.12.9999
10;80105143;M;;;31.12.9999;25.02.2016;1;06.12.2016;CST_STAF6;;;;;;;;;;;;;;SCN;Scania;ACT;01.01.2016;31.12.9999
10;80105143;M;;;31.12.9999;01.12.2018;0;01.12.2018;SVC_SPMDADM1;;;;;;;;;;;;;;HD;Komatsu Dump Truck;NON;01.12.2018;31.12.9999
10;80105143;M;;;31.12.9999;01.12.2018;1;01.12.2018;SVC_SPMDADM1;;;;;;;;;;;;;;UDT;UD Truck;ACT;01.12.2018;31.12.9999
10;80106073;M;;;31.12.2012;02.01.2006;0;02.08.2006;HRIS;;;;;;;;;;;;;;HD;Komatsu Dump Truck;ACT;02.01.2006;31.12.2012
10;80106073;M;;;31.12.9999;02.01.2006;0;06.12.2016;CST_STAF6;;;;;;;;;;;;;;PCB;Komatsu Big Excavator;ACT;02.01.2006;31.12.2015
10;80106073;M;;;31.12.9999;02.01.2006;1;02.08.2006;HRIS;;;;;;;;;;;;;;NMS;Non Machine Specialization;ACT;02.01.2006;31.12.9999
10;80106073;M;;;31.12.9999;02.01.2006;3;02.08.2006;HRIS;;;;;;;;;;;;;;PCS;Komatsu Small Excavator;ACT;02.01.2006;31.12.9999
10;80106073;M;;;31.12.9999;01.01.2009;0;06.12.2016;CST_STAF6;;;;;;;;;;;;;;SCN;Scania;ACT;01.01.2009;31.12.9999
10;80106073;M;;;31.12.9999;01.01.2013;0;31.10.2013;HRDHEAD;;;;;;;;;;;;;;HD;Komatsu Dump Truck;NON;01.01.2013;31.12.9999
10;80106073;M;;;31.12.9999;01.01.2013;1;31.10.2013;HRDHEAD;;;;;;;;;;;;;;TDN;Tadano;ACT;01.01.2013;31.12.9999
10;80106073;M;;;31.12.9999;01.01.2015;1;03.12.2015;HRDHEAD;;;;;;;;;;;;;;BW;Bomag;ACT;01.01.2015;31.12.9999
10;80106073;M;;;31.12.9999;01.01.2016;0;06.12.2016;CST_STAF6;;;;;;;;;;;;;;PCB;Komatsu Big Excavator;NON;01.01.2016;31.12.9999
10;80107173;M;;;31.12.9999;01.01.2007;3;03.10.2007;HRDHEAD;;;;;;;;;;;;;;NMS;Non Machine Specialization;ACT;01.01.2007;31.12.9999
10;80107173;M;;;31.12.9999;01.01.2010;0;27.10.2009;HRDHEAD;;;;;;;;;;;;;;PCB;Komatsu Big Excavator;ACT;01.01.2010;30.11.2018
10;80107173;M;;;31.12.9999;01.01.2011;0;06.12.2016;CST_STAF6;;;;;;;;;;;;;;HD;Komatsu Dump Truck;ACT;01.01.2011;31.12.2015
10;80107173;M;;;31.12.9999;01.01.2011;3;14.11.2017;SVC_SPMD1;;;;;;;;;;;;;;SCN;Scania;ACT;01.01.2011;31.12.9999
10;80107173;M;;;31.12.9999;01.01.2013;0;06.11.2013;HRDHEAD;;;;;;;;;;;;;;PCS;Komatsu Small Excavator;ACT;01.01.2013;31.12.9999
10;80107173;M;;;31.12.9999;01.01.2016;0;06.12.2016;CST_STAF6;;;;;;;;;;;;;;HD;Komatsu Dump Truck;NON;01.01.2016;31.12.9999
10;80107173;M;;;31.12.9999;01.01.2016;1;02.11.2016;SVC_SPMDADM1;;;;;;;;;;;;;;UDT;UD Truck;ACT;02.11.2016;31.12.9999
10;80107173;M;;;31.12.9999;01.12.2018;0;01.12.2018;SVC_SPMDADM1;;;;;;;;;;;;;;PCB;Komatsu Big Excavator;NON;01.12.2018;31.12.9999
10;80107175;M;;;31.12.9999;01.01.2007;0;09.12.2016;SVC_SPMD1;;;;;;;;;;;;;;FB;Komatsu Forklift Battery;ACT;01.01.2007;31.12.2015
10;80107175;M;;;31.12.9999;01.01.2007;2;09.12.2016;SVC_SPMD1;;;;;;;;;;;;;;EG;Komatsu Generator Set;ACT;01.01.2007;31.12.9999
10;80107175;M;;;31.12.9999;01.01.2007;3;03.10.2007;HRDHEAD;;;;;;;;;;;;;;NMS;Non Machine Specialization;ACT;01.01.2007;31.12.9999
10;80107175;M;;;31.12.9999;01.01.2010;0;15.12.2010;HRDHEAD;;;;;;;;;;;;;;PCS;Komatsu Small Excavator;ACT;01.01.2010;31.12.9999
10;80107175;M;;;31.12.9999;01.01.2011;1;17.02.2011;HRDHEAD;;;;;;;;;;;;;;BDS;Komatsu Small Bulldozer;ACT;01.01.2011;31.12.9999
10;80107175;M;;;31.12.9999;01.01.2016;0;09.12.2016;SVC_SPMD1;;;;;;;;;;;;;;FB;Komatsu Forklift Battery;NON;01.01.2016;31.12.9999
10;80107175;M;;;31.12.9999;01.01.2016;1;02.11.2016;SVC_SPMDADM1;;;;;;;;;;;;;;GDS;Komatsu Small Grader;ACT;02.11.2016;31.12.9999
10;80107176;M;;;31.12.9999;01.01.2007;3;03.10.2007;HRDHEAD;;;;;;;;;;;;;;NMS;Non Machine Specialization;ACT;01.01.2007;31.12.9999
10;80107176;M;;;31.12.9999;02.01.2007;0;17.01.2012;HRDHEAD;;;;;;;;;;;;;;FD;Komatsu Forklift Diesel;ACT;02.01.2007;31.12.9999
10;80107176;M;;;31.12.9999;01.01.2011;0;02.11.2010;HRDHEAD;;;;;;;;;;;;;;WAS;Komatsu Small Wheel Loader;ACT;01.01.2011;31.12.9999
10;80107176;M;;;31.12.9999;01.01.2011;1;17.02.2011;HRDHEAD;;;;;;;;;;;;;;EG;Komatsu Generator Set;NON;01.01.2011;31.12.9999
10;80107176;M;;;31.12.9999;01.01.2011;2;17.02.2011;HRDHEAD;;;;;;;;;;;;;;TDN;Tadano;ACT;01.01.2011;31.12.9999
10;80107176;M;;;31.12.9999;01.01.2011;3;17.01.2012;HRDHEAD;;;;;;;;;;;;;;FB;Komatsu Forklift Battery;NON;01.01.2011;31.12.9999
10;80107176;M;;;31.12.9999;01.01.2011;4;17.02.2011;HRDHEAD;;;;;;;;;;;;;;PCS;Komatsu Small Excavator;ACT;01.01.2011;31.12.9999
10;80107179;M;;;31.12.2007;01.01.2007;0;03.12.2008;HRDHEAD;;;;;;;;;;;;;;ENR;Engine Remanufacturing;ACT;01.01.2007;31.12.2007
10;80107179;M;;;31.12.2007;01.01.2007;1;03.12.2008;HRDHEAD;;;;;;;;;;;;;;MCR;Machining Remanufacturing;ACT;01.01.2007;31.12.2007
10;80107179;M;;;31.12.2010;01.01.2007;0;15.11.2007;HRDHEAD;;;;;;;;;;;;;;PTR;Power Train Remanufacturing;ACT;01.01.2007;31.12.2010
10;80107179;M;;;31.12.2011;01.01.2007;3;15.11.2007;HRDHEAD;;;;;;;;;;;;;;PCS;Komatsu Small Excavator;ACT;01.01.2007;31.12.2011
10;80107179;M;;;31.12.9999;01.01.2007;4;15.11.2007;HRDHEAD;;;;;;;;;;;;;;NMS;Non Machine Specialization;ACT;01.01.2007;31.12.9999
10;80107179;M;;;31.12.9999;01.01.2008;0;03.12.2008;HRDHEAD;;;;;;;;;;;;;;ENR;Engine Remanufacturing;NON;01.01.2008;31.12.9999
10;80107179;M;;;31.12.9999;01.01.2008;1;03.12.2008;HRDHEAD;;;;;;;;;;;;;;MCR;Machining Remanufacturing;NON;01.01.2008;31.12.9999
10;80107179;M;;;31.12.9999;01.01.2008;2;03.12.2008;HRDHEAD;;;;;;;;;;;;;;PCB;Komatsu Big Excavator;ACT;01.01.2008;30.12.2017
10;80107179;M;;;31.12.9999;01.01.2008;3;03.12.2008;HRDHEAD;;;;;;;;;;;;;;SBD;Komatsu Super Big Digger;ACT;01.01.2008;31.12.9999
10;80107179;M;;;31.12.9999;01.01.2011;0;17.02.2011;HRDHEAD;;;;;;;;;;;;;;PTR;Power Train Remanufacturing;NON;01.01.2011;31.12.9999
10;80107179;M;;;31.12.9999;01.01.2011;1;17.02.2011;HRDHEAD;;;;;;;;;;;;;;HPM;Komatsu Mechanical Haulpak;ACT;01.01.2011;31.12.9999
10;80107179;M;;;31.12.9999;01.01.2012;0;02.01.2013;HRDHEAD;;;;;;;;;;;;;;PCS;Komatsu Small Excavator;NON;01.01.2012;31.12.9999
10;80107179;M;;;31.12.9999;02.01.2012;0;02.01.2013;HRDHEAD;;;;;;;;;;;;;;HD;Komatsu Dump Truck;ACT;02.01.2012;31.12.9999
10;80107179;M;;;31.12.9999;19.12.2017;0;22.12.2017;SVC_SPMDADM1;;;;;;;;;;;;;;SCN;Scania;ACT;19.12.2017;31.12.9999
10;80107179;M;;;31.12.9999;02.01.2018;0;16.11.2017;SVC_SPMDADM1;;;;;;;;;;;;;;PCB;Komatsu Big Excavator;NON;31.12.2017;31.12.9999
10;80107230;M;;;31.12.9999;01.01.2007;0;12.12.2007;HRDHEAD;;;;;;;;;;;;;;HD;Komatsu Dump Truck;ACT;01.01.2007;31.12.9999
10;80107230;M;;;31.12.9999;01.01.2007;1;12.12.2007;HRDHEAD;;;;;;;;;;;;;;HPE;Komatsu Electrical Haulpak;ACT;01.01.2007;31.12.9999
10;80107230;M;;;31.12.9999;01.01.2007;2;12.12.2007;HRDHEAD;;;;;;;;;;;;;;HPM;Komatsu Mechanical Haulpak;ACT;01.01.2007;31.12.9999
10;80107230;M;;;31.12.9999;01.01.2007;3;12.12.2007;HRDHEAD;;;;;;;;;;;;;;NMS;Non Machine Specialization;ACT;01.01.2007;31.12.9999
10;80107230;M;;;31.12.9999;01.01.2010;0;27.10.2009;HRDHEAD;;;;;;;;;;;;;;PCB;Komatsu Big Excavator;ACT;01.01.2010;31.12.9999
10;80108006;M;;;31.12.2012;01.01.2006;1;26.02.2008;HRDHEAD;;;;;;;;;;;;;;PCB;Komatsu Big Excavator;ACT;01.01.2006;31.12.2012
10;80108006;M;;;31.12.9999;01.01.2006;0;06.12.2016;CST_STAF6;;;;;;;;;;;;;;HD;Komatsu Dump Truck;ACT;01.01.2006;31.12.2015
10;80108006;M;;;31.12.9999;01.01.2006;2;26.02.2008;HRDHEAD;;;;;;;;;;;;;;BDS;Komatsu Small Bulldozer;ACT;01.01.2006;30.11.2018
10;80108006;M;;;31.12.9999;01.01.2006;3;26.02.2008;HRDHEAD;;;;;;;;;;;;;;NMS;Non Machine Specialization;ACT;01.01.2006;31.12.9999
10;80108006;M;;;31.12.9999;01.01.2010;0;14.11.2009;HRDHEAD;;;;;;;;;;;;;;PCS;Komatsu Small Excavator;ACT;01.01.2010;31.12.9999
10;80108006;M;;;31.12.9999;01.01.2013;0;11.11.2013;HRDHEAD;;;;;;;;;;;;;;PCB;Komatsu Big Excavator;NON;01.01.2013;31.12.9999
10;80108006;M;;;31.12.9999;01.01.2013;1;06.12.2016;CST_STAF6;;;;;;;;;;;;;;SCN;Scania;ACT;01.01.2013;31.12.9999
10;80108006;M;;;31.12.9999;01.01.2016;0;06.12.2016;CST_STAF6;;;;;;;;;;;;;;HD;Komatsu Dump Truck;NON;01.01.2016;31.12.9999
10;80108006;M;;;31.12.9999;01.01.2016;1;08.11.2016;SVC_SPMDADM1;;;;;;;;;;;;;;UDT;UD Truck;ACT;08.11.2016;31.12.9999
10;80108006;M;;;31.12.9999;01.12.2018;0;01.12.2018;SVC_SPMDADM1;;;;;;;;;;;;;;BDS;Komatsu Small Bulldozer;NON;01.12.2018;31.12.9999
10;80108006;M;;;31.12.9999;01.12.2018;1;01.12.2018;SVC_SPMDADM1;;;;;;;;;;;;;;TDN;Tadano;ACT;01.12.2018;31.12.9999
10;80108007;M;;;31.12.2009;01.01.2006;2;26.02.2008;HRDHEAD;;;;;;;;;;;;;;WAB;Komatsu Big Wheel Loader;ACT;01.01.2006;31.12.2009
10;80108007;M;;;31.12.9999;01.01.2006;0;26.02.2008;HRDHEAD;;;;;;;;;;;;;;HD;Komatsu Dump Truck;ACT;01.01.2006;31.12.9999
10;80108007;M;;;31.12.9999;01.01.2006;1;26.02.2008;HRDHEAD;;;;;;;;;;;;;;BDB;Komatsu Big Bulldozer;ACT;01.01.2006;30.11.2018
10;80108007;M;;;31.12.9999;01.01.2006;3;26.02.2008;HRDHEAD;;;;;;;;;;;;;;NMS;Non Machine Specialization;ACT;01.01.2006;31.12.9999
10;80108007;M;;;31.12.9999;01.01.2010;0;23.12.2011;HRDHEAD;;;;;;;;;;;;;;SBD;Komatsu Super Big Digger;NON;01.01.2010;31.12.9999
10;80108007;M;;;31.12.9999;01.01.2010;1;04.02.2010;HRDHEAD;;;;;;;;;;;;;;WAB;Komatsu Big Wheel Loader;NON;01.01.2010;31.12.9999
10;80108007;M;;;31.12.9999;01.01.2010;2;04.02.2010;HRDHEAD;;;;;;;;;;;;;;PCS;Komatsu Small Excavator;ACT;01.01.2010;31.12.9999
10;80108007;M;;;31.12.9999;01.01.2011;0;23.12.2011;HRDHEAD;;;;;;;;;;;;;;BDS;Komatsu Small Bulldozer;ACT;01.01.2011;31.12.9999
10;80108007;M;;;31.12.9999;01.12.2018;0;01.12.2018;SVC_SPMDADM1;;;;;;;;;;;;;;BDB;Komatsu Big Bulldozer;NON;01.12.2018;31.12.9999
10;80108007;M;;;31.12.9999;01.12.2018;1;01.12.2018;SVC_SPMDADM1;;;;;;;;;;;;;;BW;Bomag;ACT;01.12.2018;31.12.9999
10;80108009;M;;;31.12.2011;01.01.2006;2;26.02.2008;HRDHEAD;;;;;;;;;;;;;;BDS;Komatsu Small Bulldozer;ACT;01.01.2006;31.12.2011
10;80108009;M;;;31.12.9999;01.01.2006;0;09.12.2016;SVC_SPMD1;;;;;;;;;;;;;;HD;Komatsu Dump Truck;ACT;01.01.2006;31.12.9999
10;80108009;M;;;31.12.9999;01.01.2006;1;09.12.2016;SVC_SPMD1;;;;;;;;;;;;;;PCB;Komatsu Big Excavator;ACT;01.01.2006;31.12.2015
10;80108009;M;;;31.12.9999;01.01.2006;3;26.02.2008;HRDHEAD;;;;;;;;;;;;;;NMS;Non Machine Specialization;ACT;01.01.2006;31.12.9999
10;80108009;M;;;31.12.9999;01.01.2011;0;09.12.2016;SVC_SPMD1;;;;;;;;;;;;;;HPM;Komatsu Mechanical Haulpak;ACT;01.01.2011;31.12.2015
10;80108009;M;;;31.12.9999;01.01.2012;0;02.01.2013;HRDHEAD;;;;;;;;;;;;;;BDS;Komatsu Small Bulldozer;NON;01.01.2012;31.12.9999
10;80108009;M;;;31.12.9999;02.01.2012;0;09.12.2016;SVC_SPMD1;;;;;;;;;;;;;;SBD;Komatsu Super Big Digger;ACT;02.01.2012;31.12.2015
10;80108009;M;;;31.12.9999;01.01.2015;1;07.12.2015;HRDHEAD;;;;;;;;;;;;;;BW;Bomag;ACT;01.01.2015;31.12.9999
10;80108009;M;;;31.12.9999;01.01.2015;3;07.12.2015;HRDHEAD;;;;;;;;;;;;;;PCS;Komatsu Small Excavator;ACT;01.01.2015;31.12.9999
10;80108009;M;;;31.12.9999;01.01.2016;0;16.03.2016;HRDHEAD;;;;;;;;;;;;;;UDT;UD Truck;ACT;01.01.2016;31.12.9999
10;80108009;M;;;31.12.9999;01.01.2016;1;09.12.2016;SVC_SPMD1;;;;;;;;;;;;;;HPM;Komatsu Mechanical Haulpak;NON;01.01.2016;31.12.9999
10;80108009;M;;;31.12.9999;01.01.2016;2;09.12.2016;SVC_SPMD1;;;;;;;;;;;;;;PCB;Komatsu Big Excavator;NON;01.01.2016;31.12.9999
10;80108009;M;;;31.12.9999;01.01.2016;3;09.12.2016;SVC_SPMD1;;;;;;;;;;;;;;SBD;Komatsu Super Big Digger;NON;01.01.2016;31.12.9999
10;80110067;M;;;31.12.9999;01.01.2010;0;26.10.2010;HRDHEAD;;;;;;;;;;;;;;NMS;Non Machine Specialization;ACT;01.01.2010;31.12.9999
10;80110067;M;;;31.12.9999;01.01.2010;1;27.10.2010;HRDHEAD;;;;;;;;;;;;;;HD;Komatsu Dump Truck;ACT;01.01.2010;30.11.2018
10;80110067;M;;;31.12.9999;01.01.2010;2;27.10.2010;HRDHEAD;;;;;;;;;;;;;;HPE;Komatsu Electrical Haulpak;ACT;01.01.2010;30.11.2018
10;80110067;M;;;31.12.9999;01.01.2010;3;27.10.2010;HRDHEAD;;;;;;;;;;;;;;HPM;Komatsu Mechanical Haulpak;ACT;01.01.2010;30.11.2018
10;80110067;M;;;31.12.9999;02.01.2012;0;02.01.2013;HRDHEAD;;;;;;;;;;;;;;PCS;Komatsu Small Excavator;ACT;02.01.2012;31.12.9999
10;80110067;M;;;31.12.9999;01.12.2018;0;01.12.2018;SVC_SPMDADM1;;;;;;;;;;;;;;HPE;Komatsu Electrical Haulpak;NON;01.12.2018;31.12.9999
10;80110067;M;;;31.12.9999;01.12.2018;1;01.12.2018;SVC_SPMDADM1;;;;;;;;;;;;;;HPM;Komatsu Mechanical Haulpak;NON;01.12.2018;31.12.9999
10;80110067;M;;;31.12.9999;01.12.2018;2;01.12.2018;SVC_SPMDADM1;;;;;;;;;;;;;;HD;Komatsu Dump Truck;NON;01.12.2018;31.12.9999
10;80110067;M;;;31.12.9999;01.12.2018;3;01.12.2018;SVC_SPMDADM1;;;;;;;;;;;;;;WAS;Komatsu Small Wheel Loader;ACT;01.12.2018;31.12.9999
10;80110067;M;;;31.12.9999;01.12.2018;4;01.12.2018;SVC_SPMDADM1;;;;;;;;;;;;;;BDS;Komatsu Small Bulldozer;ACT;01.12.2018;31.12.9999
10;80110067;M;;;31.12.9999;01.12.2018;5;01.12.2018;SVC_SPMDADM1;;;;;;;;;;;;;;BW;Bomag;ACT;01.12.2018;31.12.9999
10;80110081;M;;;31.12.2011;01.01.2010;2;04.11.2010;HRDHEAD;;;;;;;;;;;;;;BDB;Komatsu Big Bulldozer;ACT;01.01.2010;31.12.2011
10;80110081;M;;;31.12.9999;01.01.2010;0;04.11.2010;HRDHEAD;;;;;;;;;;;;;;HD;Komatsu Dump Truck;ACT;01.01.2010;30.12.2017
10;80110081;M;;;31.12.9999;01.01.2010;1;04.11.2010;HRDHEAD;;;;;;;;;;;;;;PCB;Komatsu Big Excavator;ACT;01.01.2010;30.12.2017
10;80110081;M;;;31.12.9999;01.01.2010;3;25.11.2010;HRDHEAD;;;;;;;;;;;;;;NMS;Non Machine Specialization;ACT;01.01.2010;31.12.9999
10;80110081;M;;;31.12.9999;01.01.2012;0;02.01.2013;HRDHEAD;;;;;;;;;;;;;;BDB;Komatsu Big Bulldozer;NON;01.01.2012;31.12.9999
10;80110081;M;;;31.12.9999;02.01.2012;0;02.01.2013;HRDHEAD;;;;;;;;;;;;;;PCS;Komatsu Small Excavator;ACT;02.01.2012;31.12.9999
10;80110081;M;;;31.12.9999;02.01.2018;0;16.11.2017;SVC_SPMDADM1;;;;;;;;;;;;;;PCB;Komatsu Big Excavator;NON;31.12.2017;31.12.9999
10;80110081;M;;;31.12.9999;02.01.2018;1;16.11.2017;SVC_SPMDADM1;;;;;;;;;;;;;;HD;Komatsu Dump Truck;NON;31.12.2017;31.12.9999
10;80110081;M;;;31.12.9999;02.01.2018;2;16.11.2017;SVC_SPMDADM1;;;;;;;;;;;;;;BDS;Komatsu Small Bulldozer;ACT;02.01.2018;31.12.9999
10;80110081;M;;;31.12.9999;02.01.2018;3;16.11.2017;SVC_SPMDADM1;;;;;;;;;;;;;;WAS;Komatsu Small Wheel Loader;ACT;02.01.2018;31.12.9999
10;80110081;M;;;31.12.9999;02.01.2018;4;16.11.2017;SVC_SPMDADM1;;;;;;;;;;;;;;SCN;Scania;ACT;02.01.2018;18.12.2018
10;80110081;M;;;31.12.9999;19.12.2018;0;19.12.2018;SVC_SPMDADM1;;;;;;;;;;;;;;SCN;Scania;NON;19.12.2018;31.12.9999
10;80110081;M;;;31.12.9999;19.12.2018;1;19.12.2018;SVC_SPMDADM1;;;;;;;;;;;;;;UDT;UD Truck;ACT;19.12.2018;31.12.9999
10;80110169;M;;;31.12.9999;01.01.2010;0;27.10.2010;HRDHEAD;;;;;;;;;;;;;;HD;Komatsu Dump Truck;ACT;01.01.2010;30.11.2018
10;80110169;M;;;31.12.9999;01.01.2010;1;27.10.2010;HRDHEAD;;;;;;;;;;;;;;PCB;Komatsu Big Excavator;ACT;01.01.2010;30.11.2018
10;80110169;M;;;31.12.9999;01.01.2010;3;27.10.2010;HRDHEAD;;;;;;;;;;;;;;NMS;Non Machine Specialization;ACT;01.01.2010;31.12.9999
10;80110169;M;;;31.12.9999;19.12.2017;0;19.12.2017;SVC_SPMDADM1;;;;;;;;;;;;;;SCN;Scania;ACT;19.12.2017;31.12.9999
10;80110169;M;;;31.12.9999;29.12.2017;0;02.01.2018;SVC_SPMDADM1;;;;;;;;;;;;;;PCS;Komatsu Small Excavator;ACT;29.12.2017;31.12.9999
10;80110169;M;;;31.12.9999;02.01.2018;1;15.12.2017;SVC_SPMDADM1;;;;;;;;;;;;;;BDB;Komatsu Big Bulldozer;NON;01.01.2010;31.12.9999
10;80110169;M;;;31.12.9999;01.12.2018;0;01.12.2018;SVC_SPMDADM1;;;;;;;;;;;;;;PCB;Komatsu Big Excavator;NON;01.12.2018;31.12.9999
10;80110169;M;;;31.12.9999;01.12.2018;1;01.12.2018;SVC_SPMDADM1;;;;;;;;;;;;;;HD;Komatsu Dump Truck;NON;01.12.2018;31.12.9999
10;80110169;M;;;31.12.9999;01.12.2018;2;01.12.2018;SVC_SPMDADM1;;;;;;;;;;;;;;UDT;UD Truck;ACT;01.12.2018;31.12.9999
10;80110169;M;;;31.12.9999;01.12.2018;3;01.12.2018;SVC_SPMDADM1;;;;;;;;;;;;;;BW;Bomag;ACT;01.12.2018;31.12.9999
10;80110186;M;;;31.12.2011;01.01.2010;2;03.11.2010;HRDHEAD;;;;;;;;;;;;;;GDB;Komatsu Big Grader;ACT;01.01.2010;31.12.2011
10;80110186;M;;;31.12.9999;01.01.2010;0;03.11.2010;HRDHEAD;;;;;;;;;;;;;;HD;Komatsu Dump Truck;ACT;01.01.2010;31.12.9999
10;80110186;M;;;31.12.9999;01.01.2010;1;03.11.2010;HRDHEAD;;;;;;;;;;;;;;PCB;Komatsu Big Excavator;ACT;01.01.2010;31.12.9999
10;80110186;M;;;31.12.9999;01.01.2010;3;03.11.2010;HRDHEAD;;;;;;;;;;;;;;NMS;Non Machine Specialization;ACT;01.01.2010;31.12.9999
10;80110186;M;;;31.12.9999;01.01.2012;0;29.11.2013;HRDHEAD;;;;;;;;;;;;;;GDB;Komatsu Big Grader;NON;01.01.2012;31.12.9999
10;80110186;M;;;31.12.9999;01.01.2012;1;29.11.2013;HRDHEAD;;;;;;;;;;;;;;HPM;Komatsu Mechanical Haulpak;ACT;01.01.2012;31.12.9999
10;80110186;M;;;31.12.9999;01.01.2013;0;31.10.2013;HRDHEAD;;;;;;;;;;;;;;PCS;Komatsu Small Excavator;NON;01.01.2013;31.12.9999
10;80110186;M;;;31.12.9999;01.01.2013;1;01.11.2013;HRDHEAD;;;;;;;;;;;;;;SBD;Komatsu Super Big Digger;ACT;01.01.2013;31.12.9999
10;80110187;M;;;31.12.9999;01.01.2010;0;03.11.2010;HRDHEAD;;;;;;;;;;;;;;HD;Komatsu Dump Truck;ACT;01.01.2010;31.12.9999
10;80110187;M;;;31.12.9999;01.01.2010;1;03.11.2010;HRDHEAD;;;;;;;;;;;;;;PCB;Komatsu Big Excavator;ACT;01.01.2010;31.12.9999
10;80110187;M;;;31.12.9999;01.01.2010;2;03.11.2010;HRDHEAD;;;;;;;;;;;;;;PCS;Komatsu Small Excavator;ACT;01.01.2010;31.12.9999
10;80110187;M;;;31.12.9999;01.01.2010;3;03.11.2010;HRDHEAD;;;;;;;;;;;;;;NMS;Non Machine Specialization;ACT;01.01.2010;31.12.9999
10;80110187;M;;;31.12.9999;01.01.2015;0;07.12.2015;HRDHEAD;;;;;;;;;;;;;;SCN;Scania;ACT;01.01.2015;31.12.9999
10;80110192;M;;;31.12.2012;01.01.2010;3;05.11.2010;HRDHEAD;;;;;;;;;;;;;;BDB;Komatsu Big Bulldozer;ACT;01.01.2010;31.12.2012
10;80110192;M;;;31.12.9999;01.01.2010;0;03.12.2013;HRDHEAD;;;;;;;;;;;;;;PCB;Komatsu Big Excavator;ACT;01.01.2010;31.12.9999
10;80110192;M;;;31.12.9999;01.01.2010;1;04.11.2010;HRDHEAD;;;;;;;;;;;;;;BDS;Komatsu Small Bulldozer;ACT;01.01.2010;31.12.9999
10;80110192;M;;;31.12.9999;01.01.2010;2;04.11.2010;HRDHEAD;;;;;;;;;;;;;;HD;Komatsu Dump Truck;ACT;01.01.2010;31.12.9999
10;80110192;M;;;31.12.9999;01.01.2010;4;03.12.2010;HRDHEAD;;;;;;;;;;;;;;NMS;Non Machine Specialization;ACT;01.01.2010;31.12.9999
10;80110192;M;;;31.12.9999;01.01.2013;0;05.12.2013;HRDHEAD;;;;;;;;;;;;;;BDB;Komatsu Big Bulldozer;NON;01.01.2013;31.12.9999
10;80110192;M;;;31.12.9999;01.01.2013;1;05.12.2013;HRDHEAD;;;;;;;;;;;;;;PCS;Komatsu Small Excavator;ACT;01.01.2013;31.12.9999
10;80110241;M;;;31.12.2013;01.01.2010;1;16.11.2010;HRDHEAD;;;;;;;;;;;;;;BW;Bomag;ACT;01.01.2010;31.12.2013
10;80110241;M;;;31.12.9999;01.01.2010;0;16.11.2010;HRDHEAD;;;;;;;;;;;;;;PCB;Komatsu Big Excavator;ACT;01.01.2010;31.12.9999
10;80110241;M;;;31.12.9999;01.01.2010;2;16.11.2010;HRDHEAD;;;;;;;;;;;;;;PCS;Komatsu Small Excavator;ACT;01.01.2010;31.12.9999
10;80110241;M;;;31.12.9999;01.01.2010;3;16.11.2010;HRDHEAD;;;;;;;;;;;;;;NMS;Non Machine Specialization;ACT;01.01.2010;31.12.9999
10;80110241;M;;;31.12.9999;01.01.2014;0;05.01.2015;HRDHEAD;;;;;;;;;;;;;;BW;Bomag;NON;01.01.2014;31.12.9999
10;80110241;M;;;31.12.9999;01.01.2014;1;05.01.2015;HRDHEAD;;;;;;;;;;;;;;HD;Komatsu Dump Truck;ACT;01.01.2014;31.12.9999
10;80110241;M;;;31.12.9999;01.01.2015;0;04.12.2015;HRDHEAD;;;;;;;;;;;;;;NIS;Nissan;NON;01.01.2011;31.12.9999
10;80110241;M;;;31.12.9999;01.01.2015;1;04.12.2015;HRDHEAD;;;;;;;;;;;;;;UDT;UD Truck;ACT;01.01.2015;31.12.9999
10;80111218;M;;;31.12.9999;01.01.2011;0;15.10.2011;HRDHEAD;;;;;;;;;;;;;;HD;Komatsu Dump Truck;ACT;01.01.2011;31.12.9999
10;80111218;M;;;31.12.9999;01.01.2011;1;15.10.2011;HRDHEAD;;;;;;;;;;;;;;PCB;Komatsu Big Excavator;ACT;01.01.2011;31.12.9999
10;80111218;M;;;31.12.9999;01.01.2011;2;15.10.2011;HRDHEAD;;;;;;;;;;;;;;SCN;Scania;ACT;01.01.2011;31.12.9999
10;80111218;M;;;31.12.9999;01.01.2011;3;15.10.2011;HRDHEAD;;;;;;;;;;;;;;NMS;Non Machine Specialization;ACT;01.01.2011;31.12.9999
10;80111218;M;;;31.12.9999;01.01.2016;0;06.02.2017;SVC_SPMD1;;;;;;;;;;;;;;NIS;Nissan;NON;01.01.2016;31.12.9999
10;80111218;M;;;31.12.9999;01.01.2016;1;06.02.2017;SVC_SPMD1;;;;;;;;;;;;;;UDT;UD Truck;ACT;01.01.2016;31.12.9999
10;80111239;M;;;31.12.9999;01.01.2011;0;15.10.2011;HRDHEAD;;;;;;;;;;;;;;HD;Komatsu Dump Truck;ACT;01.01.2011;30.12.2017
10;80111239;M;;;31.12.9999;01.01.2011;1;15.10.2011;HRDHEAD;;;;;;;;;;;;;;PCB;Komatsu Big Excavator;ACT;01.01.2011;30.12.2017
10;80111239;M;;;31.12.9999;01.01.2011;3;15.10.2011;HRDHEAD;;;;;;;;;;;;;;NMS;Non Machine Specialization;ACT;01.01.2011;31.12.9999
10;80111239;M;;;31.12.9999;01.01.2012;0;26.12.2012;HRDHEAD;;;;;;;;;;;;;;PCS;Komatsu Small Excavator;ACT;01.01.2012;31.12.9999
10;80111239;M;;;31.12.9999;01.01.2016;0;21.10.2016;SVC_SPMDADM1;;;;;;;;;;;;;;BDB;Komatsu Big Bulldozer;NON;01.01.2011;31.12.9999
10;80111239;M;;;31.12.9999;01.01.2016;1;21.10.2016;SVC_SPMDADM1;;;;;;;;;;;;;;UDT;UD Truck;ACT;21.10.2016;31.12.9999
10;80111239;M;;;31.12.9999;02.01.2018;0;16.11.2017;SVC_SPMDADM1;;;;;;;;;;;;;;PCB;Komatsu Big Excavator;NON;31.12.2017;31.12.9999
10;80111239;M;;;31.12.9999;02.01.2018;1;16.11.2017;SVC_SPMDADM1;;;;;;;;;;;;;;HD;Komatsu Dump Truck;NON;31.12.2017;31.12.9999
10;80111239;M;;;31.12.9999;02.01.2018;2;16.11.2017;SVC_SPMDADM1;;;;;;;;;;;;;;SCN;Scania;ACT;02.01.2018;31.12.9999
10;80111239;M;;;31.12.9999;02.01.2018;3;16.11.2017;SVC_SPMDADM1;;;;;;;;;;;;;;BDS;Komatsu Small Bulldozer;ACT;02.01.2018;31.12.9999
10;80111242;M;;;31.12.9999;01.01.2011;0;17.10.2011;HRDHEAD;;;;;;;;;;;;;;HD;Komatsu Dump Truck;ACT;01.01.2011;31.12.9999
10;80111242;M;;;31.12.9999;01.01.2011;2;17.10.2011;HRDHEAD;;;;;;;;;;;;;;PCS;Komatsu Small Excavator;ACT;01.01.2011;31.12.9999
10;80111242;M;;;31.12.9999;01.01.2011;3;17.10.2011;HRDHEAD;;;;;;;;;;;;;;NMS;Non Machine Specialization;ACT;01.01.2011;31.12.9999
10;80111242;M;;;31.12.9999;01.01.2014;0;05.01.2015;HRDHEAD;;;;;;;;;;;;;;SCN;Scania;ACT;01.01.2014;31.12.9999
10;80111242;M;;;31.12.9999;01.01.2016;0;02.11.2016;SVC_SPMDADM1;;;;;;;;;;;;;;PCB;Komatsu Big Excavator;NON;01.01.2011;31.12.9999
10;80111242;M;;;31.12.9999;01.01.2016;1;02.11.2016;SVC_SPMDADM1;;;;;;;;;;;;;;UDT;UD Truck;ACT;02.11.2016;31.12.9999
10;80114045;M;;;31.12.9999;01.01.2014;0;03.12.2014;HRDHEAD;;;;;;;;;;;;;;BDS;Komatsu Small Bulldozer;ACT;01.01.2014;31.12.9999
10;80114045;M;;;31.12.9999;01.01.2014;1;03.12.2014;HRDHEAD;;;;;;;;;;;;;;PCS;Komatsu Small Excavator;ACT;01.01.2014;31.12.9999
10;80114045;M;;;31.12.9999;01.01.2014;2;03.12.2014;HRDHEAD;;;;;;;;;;;;;;HD;Komatsu Dump Truck;ACT;01.01.2014;30.11.2018
10;80114045;M;;;31.12.9999;01.01.2014;3;03.12.2014;HRDHEAD;;;;;;;;;;;;;;NMS;Non Machine Specialization;ACT;01.01.2014;31.12.9999
10;80114045;M;;;31.12.9999;01.01.2015;0;07.12.2015;HRDHEAD;;;;;;;;;;;;;;SCN;Scania;ACT;01.01.2015;31.12.9999
10;80114045;M;;;31.12.9999;01.12.2018;0;01.12.2018;SVC_SPMDADM1;;;;;;;;;;;;;;HD;Komatsu Dump Truck;NON;01.12.2018;31.12.9999
10;80114045;M;;;31.12.9999;01.12.2018;1;01.12.2018;SVC_SPMDADM1;;;;;;;;;;;;;;UDT;UD Truck;ACT;01.12.2018;31.12.9999
10;80118056;M;;;31.12.9999;17.09.2018;0;17.09.2018;SVC_SPMDADM1;;;;;;;;;;;;;;SCN;Scania;ACT;17.09.2018;31.12.9999
10;80118056;M;;;31.12.9999;17.09.2018;1;17.09.2018;SVC_SPMDADM1;;;;;;;;;;;;;;PCS;Komatsu Small Excavator;ACT;17.09.2018;31.12.9999
10;80118056;M;;;31.12.9999;17.09.2018;2;17.09.2018;SVC_SPMDADM1;;;;;;;;;;;;;;UDT;UD Truck;ACT;17.09.2018;31.12.9999
10;80118056;M;;;31.12.9999;17.09.2018;3;17.09.2018;SVC_SPMDADM1;;;;;;;;;;;;;;NMS;Non Machine Specialization;ACT;17.09.2018;31.12.9999
10;80187123;M;;;31.12.9999;02.01.2000;0;20.10.2004;HRIS;;;;;;;;;;;;;;NMS;Non Machine Specialization;ACT;02.01.2000;31.10.2007
10;80187123;M;;;31.12.9999;02.01.2000;1;20.10.2004;HRIS;;;;;;;;;;;;;;BDS;Komatsu Small Bulldozer;ACT;02.01.2000;31.12.9999
10;80187123;M;;;31.12.9999;02.01.2000;2;20.10.2004;HRIS;;;;;;;;;;;;;;BW;Bomag;ACT;02.01.2000;31.10.2007
10;80187123;M;;;31.12.9999;02.01.2000;3;20.10.2004;HRIS;;;;;;;;;;;;;;PCS;Komatsu Small Excavator;ACT;02.01.2000;31.12.9999
10;80187123;M;;;31.12.9999;01.01.2007;0;26.01.2007;HRDHEAD;;;;;;;;;;;;;;SCN;Scania;ACT;01.01.2007;31.10.2007
10;80187123;M;;;31.12.9999;12.11.2015;0;12.11.2015;HRIS;;;;;;;;;;;;;;BW;Bomag;NON;01.11.2007;31.12.9999
10;80187123;M;;;31.12.9999;12.11.2015;1;12.11.2015;HRIS;;;;;;;;;;;;;;NMS;Non Machine Specialization;NON;01.11.2007;31.12.9999
10;80187123;M;;;31.12.9999;12.11.2015;2;12.11.2015;HRIS;;;;;;;;;;;;;;SCN;Scania;NON;01.11.2007;31.12.9999
10;80187123;S;;;31.12.9999;12.11.2015;0;12.11.2015;HRIS;;;;;;;;;;;;;;BW;BOMAG;ACT;01.11.2007;31.12.9999
10;80187123;S;;;31.12.9999;12.11.2015;1;12.11.2015;HRIS;;;;;;;;;;;;;;NMS;NON MACHINE SYSTEM;ACT;01.11.2007;31.12.9999
10;80187123;S;;;31.12.9999;12.11.2015;2;12.11.2015;HRIS;;;;;;;;;;;;;;SCN;SCANIA;ACT;01.11.2007;31.12.9999
10;80190312;M;;;31.12.9999;02.01.2000;0;20.10.2004;HRIS;;;;;;;;;;;;;;NMS;Non Machine Specialization;ACT;02.01.2000;30.04.2006
10;80190312;M;;;31.12.9999;02.01.2000;1;20.10.2004;HRIS;;;;;;;;;;;;;;BDB;Komatsu Big Bulldozer;ACT;02.01.2000;31.12.9999
10;80190312;M;;;31.12.9999;02.01.2000;2;20.10.2004;HRIS;;;;;;;;;;;;;;FD;Komatsu Forklift Diesel;ACT;02.01.2000;31.12.9999
10;80190312;M;;;31.12.9999;02.01.2000;3;20.10.2004;HRIS;;;;;;;;;;;;;;HD;Komatsu Dump Truck;ACT;02.01.2000;30.04.2006
10;80190312;M;;;31.12.9999;02.01.2000;4;20.10.2004;HRIS;;;;;;;;;;;;;;WAB;Komatsu Big Wheel Loader;ACT;02.01.2000;31.12.9999
10;80190312;M;;;31.12.9999;12.11.2015;0;12.11.2015;HRIS;;;;;;;;;;;;;;HD;Komatsu Dump Truck;NON;01.05.2006;31.12.9999
10;80190312;M;;;31.12.9999;12.11.2015;1;12.11.2015;HRIS;;;;;;;;;;;;;;NMS;Non Machine Specialization;NON;01.05.2006;31.12.9999
10;80190312;S;;;31.12.9999;12.11.2015;0;12.11.2015;HRIS;;;;;;;;;;;;;;HD;KOMATSU DUMP TRUCK;ACT;01.05.2006;31.12.9999
10;80190312;S;;;31.12.9999;12.11.2015;1;12.11.2015;HRIS;;;;;;;;;;;;;;NMS;NON MACHINE SYSTEM;ACT;01.05.2006;31.12.9999
10;80190551;M;;;31.12.9999;02.01.2000;0;20.10.2004;HRIS;;;;;;;;;;;;;;NMS;Non Machine Specialization;ACT;02.01.2000;30.06.2006
10;80190551;M;;;31.12.9999;02.01.2000;1;20.10.2004;HRIS;;;;;;;;;;;;;;HD;Komatsu Dump Truck;ACT;02.01.2000;30.06.2006
10;80190551;M;;;31.12.9999;02.01.2000;2;20.10.2004;HRIS;;;;;;;;;;;;;;HPE;Komatsu Electrical Haulpak;ACT;02.01.2000;30.06.2006
10;80190551;M;;;31.12.9999;02.01.2000;3;20.10.2004;HRIS;;;;;;;;;;;;;;PCB;Komatsu Big Excavator;ACT;02.01.2000;31.12.9999
10;80190551;M;;;31.12.9999;12.11.2015;0;12.11.2015;HRIS;;;;;;;;;;;;;;HD;Komatsu Dump Truck;NON;01.07.2006;31.12.9999
10;80190551;M;;;31.12.9999;12.11.2015;1;12.11.2015;HRIS;;;;;;;;;;;;;;HPE;Komatsu Electrical Haulpak;NON;01.07.2006;31.12.9999
10;80190551;M;;;31.12.9999;12.11.2015;2;12.11.2015;HRIS;;;;;;;;;;;;;;NMS;Non Machine Specialization;NON;01.07.2006;31.12.9999
10;80190551;S;;;31.12.9999;12.11.2015;0;12.11.2015;HRIS;;;;;;;;;;;;;;HD;KOMATSU DUMP TRUCK;ACT;01.07.2006;31.12.9999
10;80190551;S;;;31.12.9999;12.11.2015;1;12.11.2015;HRIS;;;;;;;;;;;;;;HPE;ELECTRIC DUMP TRUCK;ACT;01.07.2006;31.12.9999
10;80190551;S;;;31.12.9999;12.11.2015;2;12.11.2015;HRIS;;;;;;;;;;;;;;NMS;NON MACHINE SYSTEM;ACT;01.07.2006;31.12.9999
10;80194102;M;;;31.12.9999;02.01.2000;0;20.10.2004;HRIS;;;;;;;;;;;;;;NMS;Non Machine Specialization;ACT;02.01.2000;30.09.2009
10;80194102;M;;;31.12.9999;02.01.2000;1;20.10.2004;HRIS;;;;;;;;;;;;;;BW;Bomag;ACT;02.01.2000;30.09.2009
10;80194102;M;;;31.12.9999;02.01.2000;2;20.10.2004;HRIS;;;;;;;;;;;;;;EG;Komatsu Generator Set;ACT;02.01.2000;30.09.2009
10;80194102;M;;;31.12.9999;02.01.2000;3;20.10.2004;HRIS;;;;;;;;;;;;;;PCS;Komatsu Small Excavator;ACT;02.01.2000;31.12.9999
10;80194102;M;;;31.12.9999;12.11.2015;0;12.11.2015;HRIS;;;;;;;;;;;;;;BW;Bomag;NON;01.10.2009;31.12.9999
10;80194102;M;;;31.12.9999;12.11.2015;1;12.11.2015;HRIS;;;;;;;;;;;;;;EG;Komatsu Generator Set;NON;01.10.2009;31.12.9999
10;80194102;M;;;31.12.9999;12.11.2015;2;12.11.2015;HRIS;;;;;;;;;;;;;;NMS;Non Machine Specialization;NON;01.10.2009;31.12.9999
10;80194102;S;;;31.12.9999;12.11.2015;0;12.11.2015;HRIS;;;;;;;;;;;;;;BW;BOMAG;ACT;01.10.2009;31.12.9999
10;80194102;S;;;31.12.9999;12.11.2015;1;12.11.2015;HRIS;;;;;;;;;;;;;;EG;ENGINE GENSET;ACT;01.10.2009;31.12.9999
10;80194102;S;;;31.12.9999;12.11.2015;2;12.11.2015;HRIS;;;;;;;;;;;;;;NMS;NON MACHINE SYSTEM;ACT;01.10.2009;31.12.9999
10;80194197;M;;;31.12.9999;02.01.2000;0;20.10.2004;HRIS;;;;;;;;;;;;;;NMS;Non Machine Specialization;ACT;02.01.2000;31.12.9999
10;80194197;M;;;31.12.9999;02.01.2000;2;20.10.2004;HRIS;;;;;;;;;;;;;;HD;Komatsu Dump Truck;ACT;02.01.2000;31.12.9999
10;80194197;M;;;31.12.9999;02.01.2000;3;20.10.2004;HRIS;;;;;;;;;;;;;;WAB;Komatsu Big Wheel Loader;ACT;02.01.2000;31.12.9999
10;80194197;M;;;31.12.9999;01.01.2005;0;19.04.2005;HRIS;;;;;;;;;;;;;;BDS;Komatsu Small Bulldozer;ACT;01.01.2005;31.12.9999
10;80194197;M;;;31.12.9999;01.01.2006;0;29.09.2015;HRDHEAD;;;;;;;;;;;;;;BDB;Komatsu Big Bulldozer;NON;01.01.2006;31.12.9999
10;80194197;M;;;31.12.9999;01.01.2006;1;30.09.2015;HRDHEAD;;;;;;;;;;;;;;HPE;Komatsu Electrical Haulpak;NON;01.01.2006;31.12.9999
10;80194197;M;;;31.12.9999;01.01.2011;0;15.11.2010;HRDHEAD;;;;;;;;;;;;;;PCS;Komatsu Small Excavator;ACT;01.01.2011;31.12.9999
10;80194214;M;;;31.12.2008;02.01.2000;1;20.10.2004;HRIS;;;;;;;;;;;;;;FD;Komatsu Forklift Diesel;ACT;02.01.2000;31.12.2008
10;80194214;M;;;31.12.9999;02.01.2000;0;20.10.2004;HRIS;;;;;;;;;;;;;;NMS;Non Machine Specialization;ACT;02.01.2000;31.08.2010
10;80194214;M;;;31.12.9999;02.01.2000;2;20.10.2004;HRIS;;;;;;;;;;;;;;GDS;Komatsu Small Grader;ACT;02.01.2000;31.12.9999
10;80194214;M;;;31.12.9999;02.01.2000;3;20.10.2004;HRIS;;;;;;;;;;;;;;PCS;Komatsu Small Excavator;ACT;02.01.2000;31.12.9999
10;80194214;M;;;31.12.9999;01.01.2009;0;17.12.2008;HRDHEAD;;;;;;;;;;;;;;FD;Komatsu Forklift Diesel;NON;01.01.2009;31.12.9999
10;80194214;M;;;31.12.9999;01.01.2009;1;17.12.2008;HRDHEAD;;;;;;;;;;;;;;BW;Bomag;ACT;01.01.2009;31.08.2010
10;80194214;M;;;31.12.9999;01.01.2009;2;24.02.2009;HRDHEAD;;;;;;;;;;;;;;EG;Komatsu Generator Set;ACT;01.01.2009;31.08.2010
10;80194214;M;;;31.12.9999;12.11.2015;0;12.11.2015;HRIS;;;;;;;;;;;;;;BW;Bomag;NON;01.09.2010;31.12.9999
10;80194214;M;;;31.12.9999;12.11.2015;1;12.11.2015;HRIS;;;;;;;;;;;;;;EG;Komatsu Generator Set;NON;01.09.2010;31.12.9999
10;80194214;M;;;31.12.9999;12.11.2015;2;12.11.2015;HRIS;;;;;;;;;;;;;;NMS;Non Machine Specialization;NON;01.09.2010;31.12.9999
10;80194214;S;;;31.12.9999;12.11.2015;0;12.11.2015;HRIS;;;;;;;;;;;;;;BW;BOMAG;ACT;01.09.2010;31.12.9999
10;80194214;S;;;31.12.9999;12.11.2015;1;12.11.2015;HRIS;;;;;;;;;;;;;;EG;ENGINE GENSET;ACT;01.09.2010;31.12.9999
10;80194214;S;;;31.12.9999;12.11.2015;2;12.11.2015;HRIS;;;;;;;;;;;;;;NMS;NON MACHINE SYSTEM;ACT;01.09.2010;31.12.9999
10;80195113;M;;;31.12.9999;02.01.2000;0;20.10.2004;HRIS;;;;;;;;;;;;;;NMS;Non Machine Specialization;ACT;02.01.2000;31.10.2007
10;80195113;M;;;31.12.9999;02.01.2000;1;20.10.2004;HRIS;;;;;;;;;;;;;;HD;Komatsu Dump Truck;ACT;02.01.2000;31.10.2007
10;80195113;M;;;31.12.9999;02.01.2000;2;20.10.2004;HRIS;;;;;;;;;;;;;;HPE;Komatsu Electrical Haulpak;ACT;02.01.2000;31.10.2007
10;80195113;M;;;31.12.9999;02.01.2000;3;20.10.2004;HRIS;;;;;;;;;;;;;;PCB;Komatsu Big Excavator;ACT;02.01.2000;31.12.9999
10;80195113;M;;;31.12.9999;01.01.2007;0;29.01.2007;HRDHEAD;;;;;;;;;;;;;;HPM;Komatsu Mechanical Haulpak;ACT;01.01.2007;31.10.2007
10;80195113;M;;;31.12.9999;12.11.2015;0;12.11.2015;HRIS;;;;;;;;;;;;;;HD;Komatsu Dump Truck;NON;01.11.2007;31.12.9999
10;80195113;M;;;31.12.9999;12.11.2015;1;12.11.2015;HRIS;;;;;;;;;;;;;;HPE;Komatsu Electrical Haulpak;NON;01.11.2007;31.12.9999
10;80195113;M;;;31.12.9999;12.11.2015;2;12.11.2015;HRIS;;;;;;;;;;;;;;HPM;Komatsu Mechanical Haulpak;NON;01.11.2007;31.12.9999
10;80195113;M;;;31.12.9999;12.11.2015;3;12.11.2015;HRIS;;;;;;;;;;;;;;NMS;Non Machine Specialization;NON;01.11.2007;31.12.9999
10;80195113;S;;;31.12.9999;12.11.2015;0;12.11.2015;HRIS;;;;;;;;;;;;;;HD;KOMATSU DUMP TRUCK;ACT;01.11.2007;31.12.9999
10;80195113;S;;;31.12.9999;12.11.2015;1;12.11.2015;HRIS;;;;;;;;;;;;;;HPE;ELECTRIC DUMP TRUCK;ACT;01.11.2007;31.12.9999
10;80195113;S;;;31.12.9999;12.11.2015;2;12.11.2015;HRIS;;;;;;;;;;;;;;HPM;MECHANICAL DUMP TRUCK (AMERICAN PRODUCT);ACT;01.11.2007;31.12.9999
10;80195113;S;;;31.12.9999;12.11.2015;3;12.11.2015;HRIS;;;;;;;;;;;;;;NMS;NON MACHINE SYSTEM;ACT;01.11.2007;31.12.9999
10;80195142;M;;;31.12.2009;02.01.2000;3;20.10.2004;HRIS;;;;;;;;;;;;;;WAB;Komatsu Big Wheel Loader;ACT;02.01.2000;31.12.2009
10;80195142;M;;;31.12.9999;02.01.2000;0;20.10.2004;HRIS;;;;;;;;;;;;;;NMS;Non Machine Specialization;ACT;02.01.2000;28.02.2010
10;80195142;M;;;31.12.9999;02.01.2000;1;20.10.2004;HRIS;;;;;;;;;;;;;;HD;Komatsu Dump Truck;ACT;02.01.2000;28.02.2010
10;80195142;M;;;31.12.9999;02.01.2000;2;20.10.2004;HRIS;;;;;;;;;;;;;;PCB;Komatsu Big Excavator;ACT;02.01.2000;31.12.9999
10;80195142;M;;;31.12.9999;01.01.2005;0;19.04.2005;HRIS;;;;;;;;;;;;;;HPE;Komatsu Electrical Haulpak;ACT;01.01.2005;28.02.2010
10;80195142;M;;;31.12.9999;01.01.2010;0;17.02.2010;HRDHEAD;;;;;;;;;;;;;;WAB;Komatsu Big Wheel Loader;NON;01.01.2010;31.12.9999
10;80195142;M;;;31.12.9999;01.01.2010;1;17.02.2010;HRDHEAD;;;;;;;;;;;;;;HPM;Komatsu Mechanical Haulpak;ACT;01.01.2010;28.02.2010
10;80195142;M;;;31.12.9999;12.11.2015;0;12.11.2015;HRIS;;;;;;;;;;;;;;HD;Komatsu Dump Truck;NON;01.03.2010;31.12.9999
10;80195142;M;;;31.12.9999;12.11.2015;1;12.11.2015;HRIS;;;;;;;;;;;;;;HPE;Komatsu Electrical Haulpak;NON;01.03.2010;31.12.9999
10;80195142;M;;;31.12.9999;12.11.2015;2;12.11.2015;HRIS;;;;;;;;;;;;;;HPM;Komatsu Mechanical Haulpak;NON;01.03.2010;31.12.9999
10;80195142;M;;;31.12.9999;12.11.2015;3;12.11.2015;HRIS;;;;;;;;;;;;;;NMS;Non Machine Specialization;NON;01.03.2010;31.12.9999
10;80195142;S;;;31.12.9999;12.11.2015;0;12.11.2015;HRIS;;;;;;;;;;;;;;HD;KOMATSU DUMP TRUCK;ACT;01.03.2010;31.12.9999
10;80195142;S;;;31.12.9999;12.11.2015;1;12.11.2015;HRIS;;;;;;;;;;;;;;HPE;ELECTRIC DUMP TRUCK;ACT;01.03.2010;31.12.9999
10;80195142;S;;;31.12.9999;12.11.2015;2;12.11.2015;HRIS;;;;;;;;;;;;;;HPM;MECHANICAL DUMP TRUCK (AMERICAN PRODUCT);ACT;01.03.2010;31.12.9999
10;80195142;S;;;31.12.9999;12.11.2015;3;12.11.2015;HRIS;;;;;;;;;;;;;;NMS;NON MACHINE SYSTEM;ACT;01.03.2010;31.12.9999
10;80199029;M;;;31.12.2010;02.01.2000;2;20.10.2004;HRIS;;;;;;;;;;;;;;HPM;Komatsu Mechanical Haulpak;ACT;02.01.2000;31.12.2010
10;80199029;M;;;31.12.9999;02.01.2000;0;20.10.2004;HRIS;;;;;;;;;;;;;;NMS;Non Machine Specialization;ACT;02.01.2000;31.12.2011
10;80199029;M;;;31.12.9999;02.01.2000;1;20.10.2004;HRIS;;;;;;;;;;;;;;BDB;Komatsu Big Bulldozer;ACT;02.01.2000;31.12.9999
10;80199029;M;;;31.12.9999;01.01.2007;0;29.01.2007;HRDHEAD;;;;;;;;;;;;;;HD;Komatsu Dump Truck;ACT;01.01.2007;31.12.2011
10;80199029;M;;;31.12.9999;01.01.2011;0;17.02.2011;HRDHEAD;;;;;;;;;;;;;;HPM;Komatsu Mechanical Haulpak;NON;01.01.2011;31.12.9999
10;80199029;M;;;31.12.9999;01.01.2011;1;17.02.2011;HRDHEAD;;;;;;;;;;;;;;BDS;Komatsu Small Bulldozer;ACT;01.01.2011;31.12.9999
10;80199029;M;;;31.12.9999;01.01.2011;2;17.02.2011;HRDHEAD;;;;;;;;;;;;;;PCB;Komatsu Big Excavator;NON;01.01.2011;31.12.9999
10;80199029;M;;;31.12.9999;01.01.2011;3;17.02.2011;HRDHEAD;;;;;;;;;;;;;;PCS;Komatsu Small Excavator;ACT;01.01.2011;31.12.9999
10;80199029;M;;;31.12.9999;12.11.2015;0;12.11.2015;HRIS;;;;;;;;;;;;;;HD;Komatsu Dump Truck;NON;01.01.2012;31.12.9999
10;80199029;M;;;31.12.9999;12.11.2015;1;12.11.2015;HRIS;;;;;;;;;;;;;;NMS;Non Machine Specialization;NON;01.01.2012;31.12.9999
10;80199029;S;;;31.12.9999;12.11.2015;0;12.11.2015;HRIS;;;;;;;;;;;;;;HD;KOMATSU DUMP TRUCK;ACT;01.01.2012;31.12.9999
10;80199029;S;;;31.12.9999;12.11.2015;1;12.11.2015;HRIS;;;;;;;;;;;;;;HPM;MECHANICAL DUMP TRUCK (AMERICAN PRODUCT);NON;01.01.2012;31.12.9999
10;80199029;S;;;31.12.9999;12.11.2015;2;12.11.2015;HRIS;;;;;;;;;;;;;;NMS;NON MACHINE SYSTEM;ACT;01.01.2012;31.12.9999
10;80199038;M;;;31.10.2007;02.01.2005;0;09.11.2007;HRDHEAD;;;;;;;;;;;;;;HD;Komatsu Dump Truck;ACT;02.01.2005;31.10.2007
10;80199038;M;;;31.12.2007;01.01.2005;0;19.04.2005;HRIS;;;;;;;;;;;;;;SCN;Scania;ACT;01.01.2005;31.12.2007
10;80199038;M;;;31.12.2011;01.01.2008;1;13.11.2007;HRDHEAD;;;;;;;;;;;;;;EG;Komatsu Generator Set;ACT;01.01.2008;31.12.2011
10;80199038;M;;;31.12.9999;02.01.2000;0;20.10.2004;HRIS;;;;;;;;;;;;;;NMS;Non Machine Specialization;ACT;02.01.2000;31.12.9999
10;80199038;M;;;31.12.9999;02.01.2000;2;20.10.2004;HRIS;;;;;;;;;;;;;;PCS;Komatsu Small Excavator;ACT;02.01.2000;31.12.9999
10;80199038;M;;;31.12.9999;02.01.2000;3;20.10.2004;HRIS;;;;;;;;;;;;;;WAS;Komatsu Small Wheel Loader;ACT;02.01.2000;31.12.9999
10;80199038;M;;;31.12.9999;01.11.2007;0;09.11.2007;HRDHEAD;;;;;;;;;;;;;;HD;Komatsu Dump Truck;NON;01.11.2007;31.12.9999
10;80199038;M;;;31.12.9999;01.01.2008;0;09.11.2007;HRDHEAD;;;;;;;;;;;;;;SCN;Scania;NON;01.01.2008;31.12.9999
10;80199038;M;;;31.12.9999;01.01.2008;2;13.11.2007;HRDHEAD;;;;;;;;;;;;;;GDS;Komatsu Small Grader;ACT;01.01.2008;31.12.9999
10;80199038;M;;;31.12.9999;01.01.2012;0;02.01.2013;HRDHEAD;;;;;;;;;;;;;;EG;Komatsu Generator Set;NON;01.01.2012;31.12.9999
10;80199038;M;;;31.12.9999;02.01.2012;0;02.01.2013;HRDHEAD;;;;;;;;;;;;;;BW;Bomag;ACT;02.01.2012;31.12.9999
10;80412001;M;;;31.12.9999;01.01.2012;0;01.11.2012;HRDHEAD;;;;;;;;;;;;;;PCS;Komatsu Small Excavator;ACT;01.01.2012;31.12.9999
10;80412001;M;;;31.12.9999;01.01.2012;1;01.11.2012;HRDHEAD;;;;;;;;;;;;;;WAS;Komatsu Small Wheel Loader;ACT;01.01.2012;31.12.9999
10;80412001;M;;;31.12.9999;01.01.2012;3;01.11.2012;HRDHEAD;;;;;;;;;;;;;;NMS;Non Machine Specialization;ACT;01.01.2012;31.12.9999
10;80412001;M;;;31.12.9999;01.01.2015;0;03.12.2015;HRDHEAD;;;;;;;;;;;;;;SBD;Komatsu Super Big Digger;NON;02.01.2012;31.12.9999
10;80412001;M;;;31.12.9999;01.01.2015;1;03.12.2015;HRDHEAD;;;;;;;;;;;;;;BDS;Komatsu Small Bulldozer;ACT;01.01.2015;31.12.9999
10;80412001;M;;;31.12.9999;01.01.2015;2;04.12.2015;HRDHEAD;;;;;;;;;;;;;;NIS;Nissan;NON;01.01.2012;31.12.9999
10;80412001;M;;;31.12.9999;01.01.2015;3;04.12.2015;HRDHEAD;;;;;;;;;;;;;;UDT;UD Truck;ACT;04.12.2015;31.12.9999
10;81111003;M;;;31.12.9999;01.01.2011;0;17.10.2011;HRDHEAD;;;;;;;;;;;;;;HD;Komatsu Dump Truck;ACT;01.01.2011;30.11.2018
10;81111003;M;;;31.12.9999;01.01.2011;1;17.10.2011;HRDHEAD;;;;;;;;;;;;;;SCN;Scania;ACT;01.01.2011;31.12.9999
10;81111003;M;;;31.12.9999;01.01.2011;2;17.10.2011;HRDHEAD;;;;;;;;;;;;;;PCB;Komatsu Big Excavator;ACT;01.01.2011;30.11.2018
10;81111003;M;;;31.12.9999;01.01.2011;3;17.10.2011;HRDHEAD;;;;;;;;;;;;;;NMS;Non Machine Specialization;ACT;01.01.2011;31.12.9999
10;81111003;M;;;31.12.9999;01.01.2014;0;05.01.2015;HRDHEAD;;;;;;;;;;;;;;PCS;Komatsu Small Excavator;ACT;01.01.2014;31.12.9999
10;81111003;M;;;31.12.9999;01.12.2018;0;01.12.2018;SVC_SPMDADM1;;;;;;;;;;;;;;PCB;Komatsu Big Excavator;NON;01.12.2018;31.12.9999
10;81111003;M;;;31.12.9999;01.12.2018;1;01.12.2018;SVC_SPMDADM1;;;;;;;;;;;;;;HD;Komatsu Dump Truck;NON;01.12.2018;31.12.9999
10;81111003;M;;;31.12.9999;01.12.2018;2;01.12.2018;SVC_SPMDADM1;;;;;;;;;;;;;;BW;Bomag;ACT;01.12.2018;31.12.9999
10;81111003;M;;;31.12.9999;01.12.2018;3;01.12.2018;SVC_SPMDADM1;;;;;;;;;;;;;;UDT;UD Truck;ACT;01.12.2018;31.12.9999
10;81300001;M;;;31.12.2005;02.01.2000;2;20.10.2004;HRIS;;;;;;;;;;;;;;NIS;Nissan;ACT;02.01.2000;31.12.2005
10;81300001;M;;;31.12.9999;02.01.2000;0;20.10.2004;HRIS;;;;;;;;;;;;;;NMS;Non Machine Specialization;ACT;02.01.2000;31.10.2010
10;81300001;M;;;31.12.9999;02.01.2000;1;20.10.2004;HRIS;;;;;;;;;;;;;;BDS;Komatsu Small Bulldozer;ACT;02.01.2000;31.12.9999
10;81300001;M;;;31.12.9999;02.01.2000;3;20.10.2004;HRIS;;;;;;;;;;;;;;PCS;Komatsu Small Excavator;ACT;02.01.2000;31.12.9999
10;81300001;M;;;31.12.9999;01.01.2005;0;19.04.2005;HRIS;;;;;;;;;;;;;;SCN;Scania;ACT;01.01.2005;31.10.2010
10;81300001;M;;;31.12.9999;01.01.2006;0;20.07.2006;HRDHEAD;;;;;;;;;;;;;;NIS;Nissan;NON;01.01.2006;31.12.9999
10;81300001;M;;;31.12.9999;02.01.2006;0;02.08.2006;HRIS;;;;;;;;;;;;;;HD;Komatsu Dump Truck;ACT;02.01.2006;31.10.2010
10;81300001;M;;;31.12.9999;12.11.2015;0;12.11.2015;HRIS;;;;;;;;;;;;;;HD;Komatsu Dump Truck;NON;01.11.2010;31.12.9999
10;81300001;M;;;31.12.9999;12.11.2015;1;12.11.2015;HRIS;;;;;;;;;;;;;;NMS;Non Machine Specialization;NON;01.11.2010;31.12.9999
10;81300001;M;;;31.12.9999;12.11.2015;2;12.11.2015;HRIS;;;;;;;;;;;;;;SCN;Scania;NON;01.11.2010;31.12.9999
10;81300001;S;;;31.12.9999;12.11.2015;0;12.11.2015;HRIS;;;;;;;;;;;;;;HD;KOMATSU DUMP TRUCK;ACT;01.11.2010;31.12.9999
10;81300001;S;;;31.12.9999;12.11.2015;1;12.11.2015;HRIS;;;;;;;;;;;;;;NMS;NON MACHINE SYSTEM;ACT;01.11.2010;31.12.9999
10;81300001;S;;;31.12.9999;12.11.2015;2;12.11.2015;HRIS;;;;;;;;;;;;;;SCN;SCANIA;ACT;01.11.2010;31.12.9999
10;81305004;M;;;31.12.9999;02.01.2006;0;02.08.2006;HRIS;;;;;;;;;;;;;;PCS;Komatsu Small Excavator;ACT;02.01.2006;31.12.9999
10;81305004;M;;;31.12.9999;02.01.2006;1;02.08.2006;HRIS;;;;;;;;;;;;;;BW;Bomag;ACT;02.01.2006;01.01.2018
10;81305004;M;;;31.12.9999;02.01.2006;2;02.08.2006;HRIS;;;;;;;;;;;;;;BDS;Komatsu Small Bulldozer;ACT;02.01.2006;31.12.9999
10;81305004;M;;;31.12.9999;02.01.2006;3;02.08.2006;HRIS;;;;;;;;;;;;;;NMS;Non Machine Specialization;ACT;02.01.2006;31.12.9999
10;81305004;M;;;31.12.9999;01.01.2008;0;22.01.2008;HRDHEAD;;;;;;;;;;;;;;SCN;Scania;ACT;01.01.2008;31.12.9999
10;81305004;M;;;31.12.9999;02.01.2018;0;17.11.2017;SVC_SPMDADM1;;;;;;;;;;;;;;BW;Bomag;NON;02.01.2018;31.12.9999
10;81305004;M;;;31.12.9999;02.01.2018;1;17.11.2017;SVC_SPMDADM1;;;;;;;;;;;;;;UDT;UD Truck;ACT;02.01.2018;31.12.9999
10;81307005;M;;;31.12.9999;01.01.2007;0;26.01.2007;HRDHEAD;;;;;;;;;;;;;;PCS;Komatsu Small Excavator;ACT;01.01.2007;31.12.9999
10;81307005;M;;;31.12.9999;01.01.2007;1;26.01.2007;HRDHEAD;;;;;;;;;;;;;;NMS;Non Machine Specialization;ACT;01.01.2007;31.12.9999
10;81307005;M;;;31.12.9999;01.01.2007;2;26.01.2007;HRDHEAD;;;;;;;;;;;;;;BDS;Komatsu Small Bulldozer;ACT;01.01.2007;31.12.9999
10;81307005;M;;;31.12.9999;01.01.2007;3;26.01.2007;HRDHEAD;;;;;;;;;;;;;;WAS;Komatsu Small Wheel Loader;ACT;01.01.2007;31.12.9999
10;81307005;M;;;31.12.9999;01.01.2008;0;13.11.2007;HRDHEAD;;;;;;;;;;;;;;GDS;Komatsu Small Grader;ACT;01.01.2008;31.12.9999
10;81307006;M;;;31.12.2013;01.01.2008;0;13.11.2007;HRDHEAD;;;;;;;;;;;;;;FD;Komatsu Forklift Diesel;ACT;01.01.2008;31.12.2013
10;81307006;M;;;31.12.9999;01.01.2007;0;26.01.2007;HRDHEAD;;;;;;;;;;;;;;BDS;Komatsu Small Bulldozer;ACT;01.01.2007;31.12.9999
10;81307006;M;;;31.12.9999;01.01.2007;1;26.01.2007;HRDHEAD;;;;;;;;;;;;;;PCS;Komatsu Small Excavator;ACT;01.01.2007;31.12.9999
10;81307006;M;;;31.12.9999;01.01.2007;2;26.01.2007;HRDHEAD;;;;;;;;;;;;;;NMS;Non Machine Specialization;ACT;01.01.2007;31.12.9999
10;81307006;M;;;31.12.9999;01.01.2007;3;26.01.2007;HRDHEAD;;;;;;;;;;;;;;GDS;Komatsu Small Grader;ACT;01.01.2007;31.12.9999
10;81307006;M;;;31.12.9999;01.01.2014;0;05.01.2015;HRDHEAD;;;;;;;;;;;;;;FD;Komatsu Forklift Diesel;NON;01.01.2014;31.12.9999
10;81307006;M;;;31.12.9999;01.01.2014;1;05.01.2015;HRDHEAD;;;;;;;;;;;;;;WAS;Komatsu Small Wheel Loader;ACT;01.01.2014;31.12.9999
10;81307018;M;;;31.12.9999;01.01.2007;0;20.08.2007;HRDHEAD;;;;;;;;;;;;;;PCS;Komatsu Small Excavator;ACT;01.01.2007;31.12.9999
10;81307018;M;;;31.12.9999;01.01.2007;1;20.08.2007;HRDHEAD;;;;;;;;;;;;;;GDS;Komatsu Small Grader;ACT;01.01.2007;31.12.9999
10;81307018;M;;;31.12.9999;01.01.2007;2;20.08.2007;HRDHEAD;;;;;;;;;;;;;;BDS;Komatsu Small Bulldozer;ACT;01.01.2007;31.12.9999
10;81307018;M;;;31.12.9999;01.01.2007;3;20.08.2007;HRDHEAD;;;;;;;;;;;;;;NMS;Non Machine Specialization;ACT;01.01.2007;31.12.9999
10;81307018;M;;;31.12.9999;01.01.2015;0;04.12.2015;HRDHEAD;;;;;;;;;;;;;;NIS;Nissan;NON;01.01.2008;31.12.9999
10;81307018;M;;;31.12.9999;01.01.2015;1;04.12.2015;HRDHEAD;;;;;;;;;;;;;;UDT;UD Truck;ACT;01.01.2015;31.12.9999
10;82107025;M;;;31.12.9999;01.01.2007;0;27.11.2007;HRDHEAD;;;;;;;;;;;;;;PCB;Komatsu Big Excavator;ACT;01.01.2007;30.11.2018
10;82107025;M;;;31.12.9999;01.01.2007;1;27.11.2007;HRDHEAD;;;;;;;;;;;;;;HD;Komatsu Dump Truck;ACT;01.01.2007;31.12.9999
10;82107025;M;;;31.12.9999;01.01.2007;2;27.11.2007;HRDHEAD;;;;;;;;;;;;;;SCN;Scania;ACT;01.01.2007;31.12.9999
10;82107025;M;;;31.12.9999;01.01.2007;3;27.11.2007;HRDHEAD;;;;;;;;;;;;;;NMS;Non Machine Specialization;ACT;01.01.2007;31.12.9999
10;82107025;M;;;31.12.9999;01.01.2011;0;24.11.2011;HRDHEAD;;;;;;;;;;;;;;PCS;Komatsu Small Excavator;ACT;01.01.2011;31.12.9999
10;82107025;M;;;31.12.9999;01.12.2018;0;01.12.2018;SVC_SPMDADM1;;;;;;;;;;;;;;PCB;Komatsu Big Excavator;NON;01.12.2018;31.12.9999
10;82107025;M;;;31.12.9999;01.12.2018;1;01.12.2018;SVC_SPMDADM1;;;;;;;;;;;;;;UDT;UD Truck;ACT;01.12.2018;31.12.9999
10;82107044;M;;;31.12.9999;01.01.2007;0;27.11.2007;HRDHEAD;;;;;;;;;;;;;;PCB;Komatsu Big Excavator;ACT;01.01.2007;30.11.2018
10;82107044;M;;;31.12.9999;01.01.2007;1;27.11.2007;HRDHEAD;;;;;;;;;;;;;;HD;Komatsu Dump Truck;ACT;01.01.2007;31.12.9999
10;82107044;M;;;31.12.9999;01.01.2007;2;27.11.2007;HRDHEAD;;;;;;;;;;;;;;SCN;Scania;ACT;01.01.2007;31.12.9999
10;82107044;M;;;31.12.9999;01.01.2007;3;27.11.2007;HRDHEAD;;;;;;;;;;;;;;NMS;Non Machine Specialization;ACT;01.01.2007;31.12.9999
10;82107044;M;;;31.12.9999;01.01.2014;0;05.01.2015;HRDHEAD;;;;;;;;;;;;;;PCS;Komatsu Small Excavator;ACT;01.01.2014;31.12.9999
10;82107044;M;;;31.12.9999;01.12.2018;0;01.12.2018;SVC_SPMDADM1;;;;;;;;;;;;;;PCB;Komatsu Big Excavator;NON;01.12.2018;31.12.9999
10;82107044;M;;;31.12.9999;01.12.2018;1;01.12.2018;SVC_SPMDADM1;;;;;;;;;;;;;;UDT;UD Truck;ACT;01.12.2018;31.12.9999
10;82107050;M;;;31.12.2012;01.01.2008;0;13.11.2007;HRDHEAD;;;;;;;;;;;;;;BW;Bomag;ACT;01.01.2008;31.12.2012
10;82107050;M;;;31.12.9999;01.01.2007;0;03.10.2007;HRDHEAD;;;;;;;;;;;;;;HD;Komatsu Dump Truck;ACT;01.01.2007;31.12.9999
10;82107050;M;;;31.12.9999;01.01.2007;1;03.10.2007;HRDHEAD;;;;;;;;;;;;;;PCB;Komatsu Big Excavator;ACT;01.01.2007;31.12.9999
10;82107050;M;;;31.12.9999;01.01.2007;2;03.10.2007;HRDHEAD;;;;;;;;;;;;;;SCN;Scania;ACT;01.01.2007;31.12.9999
10;82107050;M;;;31.12.9999;01.01.2007;3;03.10.2007;HRDHEAD;;;;;;;;;;;;;;NMS;Non Machine Specialization;ACT;01.01.2007;31.12.9999
10;82107050;M;;;31.12.9999;01.01.2013;0;31.10.2013;HRDHEAD;;;;;;;;;;;;;;BW;Bomag;NON;01.01.2013;31.12.9999
10;82107050;M;;;31.12.9999;01.01.2013;1;31.10.2013;HRDHEAD;;;;;;;;;;;;;;PCS;Komatsu Small Excavator;ACT;01.01.2013;31.12.9999
10;82107066;M;;;31.12.2011;01.01.2007;2;03.10.2007;HRDHEAD;;;;;;;;;;;;;;SBD;Komatsu Super Big Digger;ACT;01.01.2007;31.12.2011
10;82107066;M;;;31.12.9999;01.01.2007;0;06.12.2016;CST_STAF6;;;;;;;;;;;;;;BDB;Komatsu Big Bulldozer;ACT;01.01.2007;31.12.2015
10;82107066;M;;;31.12.9999;01.01.2007;1;06.12.2016;CST_STAF6;;;;;;;;;;;;;;PCB;Komatsu Big Excavator;ACT;01.01.2007;31.12.2015
10;82107066;M;;;31.12.9999;01.01.2007;3;03.10.2007;HRDHEAD;;;;;;;;;;;;;;NMS;Non Machine Specialization;ACT;01.01.2007;31.12.9999
10;82107066;M;;;31.12.9999;01.01.2010;0;17.11.2009;HRDHEAD;;;;;;;;;;;;;;PCS;Komatsu Small Excavator;ACT;01.01.2010;31.12.9999
10;82107066;M;;;31.12.9999;01.01.2012;0;02.01.2013;HRDHEAD;;;;;;;;;;;;;;SBD;Komatsu Super Big Digger;NON;01.01.2012;31.12.9999
10;82107066;M;;;31.12.9999;02.01.2012;0;06.12.2016;CST_STAF6;;;;;;;;;;;;;;HD;Komatsu Dump Truck;ACT;02.01.2012;31.12.2015
10;82107066;M;;;31.12.9999;01.01.2015;1;06.12.2016;CST_STAF6;;;;;;;;;;;;;;SCN;Scania;ACT;01.01.2015;31.12.9999
10;82107066;M;;;31.12.9999;01.01.2016;0;25.02.2016;HRDHEAD;;;;;;;;;;;;;;UDT;UD Truck;ACT;25.02.2016;31.12.9999
10;82107066;M;;;31.12.9999;01.01.2016;1;06.12.2016;CST_STAF6;;;;;;;;;;;;;;PCB;Komatsu Big Excavator;NON;01.01.2016;31.12.9999
10;82107066;M;;;31.12.9999;01.01.2016;2;02.11.2016;SVC_SPMDADM1;;;;;;;;;;;;;;TDN;Tadano;ACT;02.11.2016;31.12.9999
10;82107066;M;;;31.12.9999;01.01.2016;3;06.12.2016;CST_STAF6;;;;;;;;;;;;;;BDB;Komatsu Big Bulldozer;NON;01.01.2016;31.12.9999
10;82107066;M;;;31.12.9999;01.01.2016;4;06.12.2016;CST_STAF6;;;;;;;;;;;;;;HD;Komatsu Dump Truck;NON;01.01.2016;31.12.9999
10;82110024;M;;;31.12.9999;01.01.2010;0;11.11.2010;HRDHEAD;;;;;;;;;;;;;;HD;Komatsu Dump Truck;ACT;01.01.2010;30.11.2018
10;82110024;M;;;31.12.9999;01.01.2010;1;11.11.2010;HRDHEAD;;;;;;;;;;;;;;PCB;Komatsu Big Excavator;ACT;01.01.2010;31.12.9999
10;82110024;M;;;31.12.9999;01.01.2010;2;11.11.2010;HRDHEAD;;;;;;;;;;;;;;SCN;Scania;ACT;01.01.2010;31.12.9999
10;82110024;M;;;31.12.9999;01.01.2010;3;11.11.2010;HRDHEAD;;;;;;;;;;;;;;NMS;Non Machine Specialization;ACT;01.01.2010;31.12.9999
10;82110024;M;;;31.12.9999;01.01.2016;0;01.11.2016;SVC_SPMDADM1;;;;;;;;;;;;;;PCS;Komatsu Small Excavator;NON;01.01.2014;31.12.9999
10;82110024;M;;;31.12.9999;01.01.2016;1;01.11.2016;SVC_SPMDADM1;;;;;;;;;;;;;;SBD;Komatsu Super Big Digger;ACT;01.11.2016;31.12.9999
10;82110024;M;;;31.12.9999;01.12.2018;0;01.12.2018;SVC_SPMDADM1;;;;;;;;;;;;;;HD;Komatsu Dump Truck;NON;01.12.2018;31.12.9999
10;82110024;M;;;31.12.9999;01.12.2018;1;01.12.2018;SVC_SPMDADM1;;;;;;;;;;;;;;UDT;UD Truck;ACT;01.12.2018;31.12.9999
10;82307002;M;;;31.12.2011;01.01.2007;2;06.12.2007;HRDHEAD;;;;;;;;;;;;;;BDB;Komatsu Big Bulldozer;ACT;01.01.2007;31.12.2011
10;82307002;M;;;31.12.9999;01.01.2007;0;06.12.2007;HRDHEAD;;;;;;;;;;;;;;HD;Komatsu Dump Truck;ACT;01.01.2007;31.12.9999
10;82307002;M;;;31.12.9999;01.01.2007;1;06.12.2007;HRDHEAD;;;;;;;;;;;;;;PCB;Komatsu Big Excavator;ACT;01.01.2007;31.12.9999
10;82307002;M;;;31.12.9999;01.01.2007;3;06.12.2007;HRDHEAD;;;;;;;;;;;;;;NMS;Non Machine Specialization;ACT;01.01.2007;31.12.9999
10;82307002;M;;;31.12.9999;01.01.2011;0;12.10.2011;HRDHEAD;;;;;;;;;;;;;;PCS;Komatsu Small Excavator;ACT;01.01.2011;31.12.9999
10;82307002;M;;;31.12.9999;01.01.2012;0;02.01.2013;HRDHEAD;;;;;;;;;;;;;;BDB;Komatsu Big Bulldozer;NON;01.01.2012;31.12.9999
10;82307002;M;;;31.12.9999;02.01.2012;0;02.01.2013;HRDHEAD;;;;;;;;;;;;;;SCN;Scania;ACT;02.01.2012;31.12.9999
10;82310015;M;;;31.12.9999;01.01.2010;0;03.11.2010;HRDHEAD;;;;;;;;;;;;;;PCB;Komatsu Big Excavator;ACT;01.01.2010;30.11.2018
10;82310015;M;;;31.12.9999;01.01.2010;1;03.11.2010;HRDHEAD;;;;;;;;;;;;;;HD;Komatsu Dump Truck;ACT;01.01.2010;31.12.9999
10;82310015;M;;;31.12.9999;01.01.2010;2;06.12.2016;CST_STAF6;;;;;;;;;;;;;;BDB;Komatsu Big Bulldozer;ACT;01.01.2010;31.12.2015
10;82310015;M;;;31.12.9999;01.01.2010;3;03.11.2010;HRDHEAD;;;;;;;;;;;;;;NMS;Non Machine Specialization;ACT;01.01.2010;31.12.9999
10;82310015;M;;;31.12.9999;02.01.2012;0;02.01.2013;HRDHEAD;;;;;;;;;;;;;;PCS;Komatsu Small Excavator;ACT;02.01.2012;31.12.9999
10;82310015;M;;;31.12.9999;01.01.2015;1;06.12.2016;CST_STAF6;;;;;;;;;;;;;;SCN;Scania;ACT;01.01.2015;31.12.9999
10;82310015;M;;;31.12.9999;01.01.2016;0;06.12.2016;CST_STAF6;;;;;;;;;;;;;;BDB;Komatsu Big Bulldozer;NON;01.01.2016;31.12.9999
10;82310015;M;;;31.12.9999;01.12.2018;0;01.12.2018;SVC_SPMDADM1;;;;;;;;;;;;;;PCB;Komatsu Big Excavator;NON;01.12.2018;31.12.9999
10;82310015;M;;;31.12.9999;01.12.2018;1;01.12.2018;SVC_SPMDADM1;;;;;;;;;;;;;;UDT;UD Truck;ACT;01.12.2018;31.12.9999
10;83105001;M;;;31.12.2012;01.01.2005;1;19.04.2005;HRIS;;;;;;;;;;;;;;GDB;Komatsu Big Grader;ACT;01.01.2005;31.12.2012
10;83105001;M;;;31.12.9999;01.01.2005;0;19.04.2005;HRIS;;;;;;;;;;;;;;BDB;Komatsu Big Bulldozer;ACT;01.01.2005;31.12.9999
10;83105001;M;;;31.12.9999;01.01.2005;2;19.04.2005;HRIS;;;;;;;;;;;;;;HD;Komatsu Dump Truck;ACT;01.01.2005;31.12.9999
10;83105001;M;;;31.12.9999;02.01.2006;0;02.08.2006;HRIS;;;;;;;;;;;;;;NMS;Non Machine Specialization;ACT;02.01.2006;31.12.9999
10;83105001;M;;;31.12.9999;01.01.2010;0;27.10.2009;HRDHEAD;;;;;;;;;;;;;;PCB;Komatsu Big Excavator;ACT;01.01.2010;31.12.9999
10;83105001;M;;;31.12.9999;01.01.2013;0;31.10.2013;HRDHEAD;;;;;;;;;;;;;;GDB;Komatsu Big Grader;NON;01.01.2013;31.12.9999
10;83105001;M;;;31.12.9999;01.01.2013;1;31.10.2013;HRDHEAD;;;;;;;;;;;;;;PCS;Komatsu Small Excavator;ACT;01.01.2013;31.12.9999
10;83107004;M;;;31.12.9999;01.01.2007;0;26.01.2007;HRDHEAD;;;;;;;;;;;;;;PCS;Komatsu Small Excavator;ACT;01.01.2007;31.12.9999
10;83107004;M;;;31.12.9999;01.01.2007;1;26.01.2007;HRDHEAD;;;;;;;;;;;;;;NMS;Non Machine Specialization;ACT;01.01.2007;31.12.9999
10;83107004;M;;;31.12.9999;01.01.2007;2;26.01.2007;HRDHEAD;;;;;;;;;;;;;;EG;Komatsu Generator Set;ACT;01.01.2007;30.11.2018
10;83107004;M;;;31.12.9999;01.01.2007;3;26.01.2007;HRDHEAD;;;;;;;;;;;;;;WAS;Komatsu Small Wheel Loader;ACT;01.01.2007;31.12.9999
10;83107004;M;;;31.12.9999;01.01.2012;0;19.11.2012;HRDHEAD;;;;;;;;;;;;;;BDS;Komatsu Small Bulldozer;ACT;01.01.2012;31.12.9999
10;83107004;M;;;31.12.9999;01.12.2018;0;01.12.2018;SVC_SPMDADM1;;;;;;;;;;;;;;EG;Komatsu Generator Set;NON;01.12.2018;31.12.9999
10;83107004;M;;;31.12.9999;01.12.2018;1;01.12.2018;SVC_SPMDADM1;;;;;;;;;;;;;;GDS;Komatsu Small Grader;ACT;01.12.2018;31.12.9999
10;83107005;M;;;31.12.9999;01.01.2007;0;26.01.2007;HRDHEAD;;;;;;;;;;;;;;PCS;Komatsu Small Excavator;ACT;01.01.2007;31.12.9999
10;83107005;M;;;31.12.9999;01.01.2007;1;26.01.2007;HRDHEAD;;;;;;;;;;;;;;NMS;Non Machine Specialization;ACT;01.01.2007;31.12.9999
10;83107005;M;;;31.12.9999;01.01.2007;2;26.01.2007;HRDHEAD;;;;;;;;;;;;;;BDS;Komatsu Small Bulldozer;ACT;01.01.2007;31.12.9999
10;83107005;M;;;31.12.9999;01.01.2007;3;26.01.2007;HRDHEAD;;;;;;;;;;;;;;BW;Bomag;ACT;01.01.2007;31.12.9999
10;83107005;M;;;31.12.9999;01.01.2011;0;14.10.2011;HRDHEAD;;;;;;;;;;;;;;EG;Komatsu Generator Set;ACT;01.01.2011;31.12.9999
